{
  "sound": "Boat Hull",
  "mesh": "x\\Ex_DE_ship_rot.nif",
  "offset": -20,
  "sway": 3,
  "speed": 3,
  "turnspeed": 10,
  "hasFreeMovement": true,
  "guideSlot": {
    "animationGroup": [],
    "position": {
      "x": -25,
      "y": -823,
      "z": 360
    }
  },
  "hiddenSlot": {
    "position": {
      "x": 0,
      "y": 0,
      "z": 40
    }
  },
  "slots": [
    {
      "animationGroup": [],
      "position": {
        "x": 0,
        "y": 438,
        "z": 257
      }
    },
    {
      "animationGroup": [],
      "position": {
        "x": 0,
        "y": 29,
        "z": 209
      }
    },
    {
      "animationGroup": [],
      "position": {
        "x": -181,
        "y": 139,
        "z": 209
      }
    },
    {
      "animationGroup": [],
      "position": {
        "x": 181,
        "y": -139,
        "z": 209
      }
    },
    {
      "animationGroup": [],
      "position": {
        "x": 115,
        "y": -466,
        "z": 208
      }
    }
  ],
  "clutter": [
    {
      "id": "Ex_DE_ship_cabindoor",
      "position": {
        "x": 92,
        "y": -617,
        "z": 261
      },
      "orientation": {
        "x": 0,
        "y": 0,
        "z": 180
      }
    }
  ]
}