{
  "sound": "Boat Hull",
  "mesh": "x\\Ex_longboat_rot.nif",
  "offset": 74,
  "sway": 4,
  "speed": 4,
  "turnspeed": 24,
  "hasFreeMovement": true,
  "guideSlot": {
    "animationGroup": [],
    "position": {
      "x": 67,
      "y": -457,
      "z": -65
    }
  },
  "idList": [
    "r\\AscendedSleeper.nif",
    "r\\Skeleton.nif",
    "r\\Skeleton.nif",
    "r\\Skeleton.nif"
  ],
  "slots": [
    {
      "animationGroup": [],
      "position": {
        "x": 0,
        "y": 411,
        "z": -63
      }
    },
    {
      "animationGroup": [],
      "position": {
        "x": -132,
        "y": 67,
        "z": -63
      }
    },
    {
      "animationGroup": [],
      "position": {
        "x": 160,
        "y": -145,
        "z": -63
      }
    },
    {
      "animationGroup": [],
      "position": {
        "x": -79,
        "y": -390,
        "z": -67
      }
    },
    {
      "animationGroup": [
        "idle6"
      ],
      "animationFile": "VA_sitting.nif",
      "position": {
        "x": 0,
        "y": 133,
        "z": -26
      }
    },
    {
      "animationGroup": [
        "idle6"
      ],
      "animationFile": "VA_sitting.nif",
      "position": {
        "x": -122,
        "y": -181,
        "z": -27
      }
    },
    {
      "animationGroup": [
        "idle6"
      ],
      "animationFile": "VA_sitting.nif",
      "position": {
        "x": 87,
        "y": -259,
        "z": -27
      }
    }
  ],
  "clutter": [
    {
      "id": "light_com_lantern_01",
      "position": {
        "x": 0,
        "y": 623,
        "z": 28
      }
    },
    {
      "id": "light_com_lantern_02",
      "position": {
        "x": 0,
        "y": -585,
        "z": 18
      }
    }
  ]
}