{
  "sound": "Silt_2",
  "mesh": "r\\Siltstrider.nif",
  "offset": -1220,
  "sway": 1,
  "speed": 3,
  "turnspeed": 30,
  "guideSlot": {
    "animationGroup": "idle5",
    "position": {
      "x": 0,
      "y": 70,
      "z": 1223
    }
  },
  "slots": [
    {
      "animationGroup": [],
      "position": {
        "x": 0,
        "y": -34,
        "z": 1223
      }
    },
    {
      "animationGroup": [],
      "position": {
        "x": -81,
        "y": 0,
        "z": 1230
      }
    },
    {
      "animationGroup": [],
      "position": {
        "x": 81,
        "y": 0,
        "z": 1230
      }
    },
    {
      "animationGroup": [],
      "position": {
        "x": 0,
        "y": -86,
        "z": 1227
      }
    }
  ]
}