{
  "sound": [
    "Silt_1",
    "Silt_2",
    "Silt_3"
  ],
  "loopSound": false,
  "mesh": "r\\Siltstrider.nif",
  "offset": -1220,
  "sway": 1,
  "speed": 3,
  "turnspeed": 30,
  "forwardAnimation": "walkForward",
  "nodeName": "Abdomen",
  "nodeOffset": {
    "x": 0,
    "y": 56,
    "z": 1004
  },
  "guideSlot": {
    "animationGroup": "idle5",
    "position": {
      "x": 0,
      "y": 100,
      "z": 1223
    }
  },
  "hiddenSlot": {
    "position": {
      "x": 0,
      "y": 0,
      "z": 1000
    }
  },
  "slots": [
    {
      "animationGroup": [],
      "position": {
        "x": 0,
        "y": -10,
        "z": 1223
      }
    },
    {
      "animationGroup": [],
      "position": {
        "x": -81,
        "y": 30,
        "z": 1230
      }
    },
    {
      "animationGroup": [],
      "position": {
        "x": 81,
        "y": 40,
        "z": 1230
      }
    }
  ]
}