[
  {
    "x": -49630,
    "y": -40107,
    "z": 0
  },
  {
    "x": -55608,
    "y": -38829,
    "z": 0
  },
  {
    "x": -59878,
    "y": -32442,
    "z": 0
  },
  {
    "x": -63688,
    "y": -25691,
    "z": 0
  },
  {
    "x": -67530,
    "y": -13485,
    "z": 0
  },
  {
    "x": -69410,
    "y": -1621,
    "z": 0
  },
  {
    "x": -69257,
    "y": 3047,
    "z": 0
  },
  {
    "x": -69819,
    "y": 9640,
    "z": 0
  },
  {
    "x": -64221,
    "y": 14320,
    "z": 0
  },
  {
    "x": -57766,
    "y": 18944,
    "z": 0
  }
]