[
  {
    "y": -101605,
    "x": 117664,
    "z": 0
  },
  {
    "y": -102222,
    "x": 116013,
    "z": 0
  },
  {
    "y": -104430,
    "x": 114626,
    "z": 0
  },
  {
    "y": -106679,
    "x": 113027,
    "z": 0
  },
  {
    "y": -108774,
    "x": 113498,
    "z": 0
  },
  {
    "y": -110804,
    "x": 112804,
    "z": 0
  },
  {
    "y": -112808,
    "x": 111982,
    "z": 0
  },
  {
    "y": -115040,
    "x": 111567,
    "z": 0
  },
  {
    "y": -117126,
    "x": 110844,
    "z": 0
  },
  {
    "y": -118097,
    "x": 109667,
    "z": 0
  },
  {
    "y": -118093,
    "x": 108221,
    "z": 0
  },
  {
    "y": -116643,
    "x": 105292,
    "z": 0
  },
  {
    "y": -115243,
    "x": 102818,
    "z": 0
  },
  {
    "y": -114730,
    "x": 101176,
    "z": 0
  },
  {
    "y": -109752,
    "x": 98422,
    "z": 0
  },
  {
    "y": -107369,
    "x": 95667,
    "z": 0
  },
  {
    "y": -107319,
    "x": 89005,
    "z": 0
  },
  {
    "y": -113541,
    "x": 80591,
    "z": 0
  },
  {
    "y": -118380,
    "x": 68007,
    "z": 0
  },
  {
    "y": -118996,
    "x": 53888,
    "z": 0
  },
  {
    "y": -119253,
    "x": 41311,
    "z": 0
  },
  {
    "y": -116513,
    "x": 33016,
    "z": 0
  },
  {
    "y": -110502,
    "x": 29469,
    "z": 0
  },
  {
    "y": -103232,
    "x": 25433,
    "z": 0
  },
  {
    "y": -100959,
    "x": 21316,
    "z": 0
  }
]