[
  {
    "y": -101595,
    "x": 20819,
    "z": 0
  },
  {
    "y": -101231,
    "x": 21277,
    "z": 0
  },
  {
    "y": -100318,
    "x": 21816,
    "z": 0
  },
  {
    "y": -99719,
    "x": 22365,
    "z": 0
  },
  {
    "y": -95259,
    "x": 24649,
    "z": 0
  },
  {
    "y": -91970,
    "x": 24560,
    "z": 0
  },
  {
    "y": -89117,
    "x": 24286,
    "z": 0
  },
  {
    "y": -88711,
    "x": 24046,
    "z": 0
  },
  {
    "y": -88385,
    "x": 23575,
    "z": 0
  },
  {
    "y": -88210,
    "x": 23078,
    "z": 0
  }
]