[
  {
    "y": -71748,
    "x": -7746,
    "z": 597
  },
  {
    "y": -72433,
    "x": -8599,
    "z": 676
  },
  {
    "y": -73529,
    "x": -9504,
    "z": 880
  },
  {
    "y": -73939,
    "x": -10246,
    "z": 1005
  },
  {
    "y": -73754,
    "x": -10974,
    "z": 1118
  },
  {
    "y": -72830,
    "x": -12435,
    "z": 1000
  },
  {
    "y": -73209,
    "x": -14337,
    "z": 945
  },
  {
    "y": -70354,
    "x": -16061,
    "z": 780
  },
  {
    "y": -69575,
    "x": -18473,
    "z": 231
  },
  {
    "y": -69255,
    "x": -20598,
    "z": 870
  },
  {
    "y": -68301,
    "x": -23240,
    "z": 479
  },
  {
    "y": -67583,
    "x": -25005,
    "z": 1212
  },
  {
    "y": -66375,
    "x": -25491,
    "z": 908
  },
  {
    "y": -64162,
    "x": -25422,
    "z": 556
  },
  {
    "y": -62020,
    "x": -26649,
    "z": 619
  },
  {
    "y": -60335,
    "x": -29015,
    "z": 520
  },
  {
    "y": -59760,
    "x": -31950,
    "z": 763
  },
  {
    "y": -59547,
    "x": -35180,
    "z": 540
  },
  {
    "y": -59963,
    "x": -36657,
    "z": 501
  },
  {
    "y": -59196,
    "x": -38619,
    "z": 169
  },
  {
    "y": -58298,
    "x": -40083,
    "z": 293
  },
  {
    "y": -56931,
    "x": -41020,
    "z": 546
  },
  {
    "y": -55798,
    "x": -41582,
    "z": 434
  },
  {
    "y": -54779,
    "x": -41835,
    "z": 779
  },
  {
    "y": -53373,
    "x": -41764,
    "z": 857
  },
  {
    "y": -52148,
    "x": -41351,
    "z": 853
  },
  {
    "y": -51001,
    "x": -40725,
    "z": 912
  },
  {
    "y": -49897,
    "x": -40045,
    "z": 862
  },
  {
    "y": -48546,
    "x": -39402,
    "z": 884
  },
  {
    "y": -47147,
    "x": -38762,
    "z": 914
  },
  {
    "y": -45950,
    "x": -38094,
    "z": 999
  },
  {
    "y": -44969,
    "x": -37370,
    "z": 922
  },
  {
    "y": -44085,
    "x": -36723,
    "z": 882
  },
  {
    "y": -43176,
    "x": -36098,
    "z": 1008
  },
  {
    "y": -42275,
    "x": -35294,
    "z": 937
  },
  {
    "y": -41376,
    "x": -34407,
    "z": 1076
  },
  {
    "y": -40236,
    "x": -33329,
    "z": 1125
  },
  {
    "y": -39025,
    "x": -32453,
    "z": 954
  },
  {
    "y": -37852,
    "x": -31738,
    "z": 849
  },
  {
    "y": -36527,
    "x": -31083,
    "z": 817
  },
  {
    "y": -35378,
    "x": -30661,
    "z": 871
  },
  {
    "y": -34225,
    "x": -30204,
    "z": 828
  },
  {
    "y": -33001,
    "x": -29687,
    "z": 817
  },
  {
    "y": -31811,
    "x": -29158,
    "z": 824
  },
  {
    "y": -30453,
    "x": -28496,
    "z": 912
  },
  {
    "y": -29347,
    "x": -27902,
    "z": 840
  },
  {
    "y": -28108,
    "x": -27132,
    "z": 922
  },
  {
    "y": -27078,
    "x": -26342,
    "z": 831
  },
  {
    "y": -26088,
    "x": -25451,
    "z": 817
  },
  {
    "y": -25267,
    "x": -24447,
    "z": 752
  },
  {
    "y": -24659,
    "x": -23546,
    "z": 826
  },
  {
    "y": -23922,
    "x": -22403,
    "z": 838
  },
  {
    "y": -22925,
    "x": -21091,
    "z": 892
  },
  {
    "y": -22319,
    "x": -20857,
    "z": 913
  },
  {
    "y": -21276,
    "x": -20984,
    "z": 1037
  },
  {
    "y": -20239,
    "x": -21036,
    "z": 1420
  },
  {
    "y": -19342,
    "x": -21036,
    "z": 1241
  }
]