[
  {
    "y": 185743,
    "x": 62820,
    "z": 0
  },
  {
    "y": 188004,
    "x": 61714,
    "z": 0
  },
  {
    "y": 188422,
    "x": 59034,
    "z": 0
  },
  {
    "y": 190269,
    "x": 57754,
    "z": 0
  },
  {
    "y": 191659,
    "x": 56507,
    "z": 0
  },
  {
    "y": 193819,
    "x": 56057,
    "z": 0
  },
  {
    "y": 197313,
    "x": 54889,
    "z": 0
  },
  {
    "y": 196855,
    "x": 50316,
    "z": 0
  },
  {
    "y": 196276,
    "x": 47414,
    "z": 0
  },
  {
    "y": 197971,
    "x": 45263,
    "z": 0
  },
  {
    "y": 204726,
    "x": 39809,
    "z": 0
  },
  {
    "y": 210165,
    "x": 34535,
    "z": 0
  },
  {
    "y": 215265,
    "x": 29914,
    "z": 0
  },
  {
    "y": 214637,
    "x": 26040,
    "z": 0
  },
  {
    "y": 216503,
    "x": 20493,
    "z": 0
  },
  {
    "y": 215767,
    "x": 15553,
    "z": 0
  },
  {
    "y": 217583,
    "x": -706,
    "z": 0
  },
  {
    "y": 216355,
    "x": -13384,
    "z": 0
  },
  {
    "y": 218931,
    "x": -31810,
    "z": 0
  },
  {
    "y": 217659,
    "x": -34843,
    "z": 0
  },
  {
    "y": 214405,
    "x": -37985,
    "z": 0
  },
  {
    "y": 195137,
    "x": -42493,
    "z": 0
  },
  {
    "y": 181688,
    "x": -49937,
    "z": 0
  },
  {
    "y": 173325,
    "x": -51904,
    "z": 0
  },
  {
    "y": 169119,
    "x": -52024,
    "z": 0
  },
  {
    "y": 166340,
    "x": -49625,
    "z": 0
  },
  {
    "y": 162937,
    "x": -46254,
    "z": 0
  },
  {
    "y": 157559,
    "x": -46599,
    "z": 0
  },
  {
    "y": 155776,
    "x": -49687,
    "z": 0
  },
  {
    "y": 155289,
    "x": -52340,
    "z": 0
  },
  {
    "y": 153167,
    "x": -54487,
    "z": 0
  },
  {
    "y": 151838,
    "x": -56360,
    "z": 0
  },
  {
    "y": 151470,
    "x": -58858,
    "z": 0
  },
  {
    "y": 150019,
    "x": -61046,
    "z": 0
  },
  {
    "y": 149858,
    "x": -62809,
    "z": 0
  },
  {
    "y": 148759,
    "x": -64544,
    "z": 0
  },
  {
    "y": 147683,
    "x": -65873,
    "z": 0
  },
  {
    "y": 146151,
    "x": -66679,
    "z": 0
  },
  {
    "y": 144444,
    "x": -67055,
    "z": 0
  },
  {
    "y": 143311,
    "x": -67177,
    "z": 0
  },
  {
    "y": 142717,
    "x": -67904,
    "z": 0
  }
]