[
  {
    "y": -39941,
    "x": -51886,
    "z": 0
  },
  {
    "y": -43820,
    "x": -56131,
    "z": 0
  },
  {
    "y": -51333,
    "x": -57874,
    "z": 0
  },
  {
    "y": -57406,
    "x": -55169,
    "z": 0
  },
  {
    "y": -66270,
    "x": -48697,
    "z": 0
  },
  {
    "y": -74666,
    "x": -44063,
    "z": 0
  },
  {
    "y": -78052,
    "x": -41329,
    "z": 0
  },
  {
    "y": -80765,
    "x": -32975,
    "z": 0
  },
  {
    "y": -82534,
    "x": -26705,
    "z": 0
  },
  {
    "y": -82758,
    "x": -24162,
    "z": 0
  },
  {
    "y": -82196,
    "x": -18888,
    "z": 0
  },
  {
    "y": -79508,
    "x": -15603,
    "z": 0
  },
  {
    "y": -78200,
    "x": -9189,
    "z": 0
  },
  {
    "y": -76054,
    "x": -8216,
    "z": 0
  },
  {
    "y": -73234,
    "x": -8614,
    "z": 0
  }
]