[
  {
    "x": 61968,
    "y": 186233,
    "z": 0
  },
  {
    "x": 61867,
    "y": 187592,
    "z": 0
  },
  {
    "x": 59565,
    "y": 188888,
    "z": 0
  },
  {
    "x": 57327,
    "y": 190629,
    "z": 0
  },
  {
    "x": 55988,
    "y": 194642,
    "z": 0
  },
  {
    "x": 56449,
    "y": 199152,
    "z": 0
  },
  {
    "x": 59840,
    "y": 202709,
    "z": 0
  },
  {
    "x": 68081,
    "y": 205123,
    "z": 0
  },
  {
    "x": 74013,
    "y": 204372,
    "z": 0
  },
  {
    "x": 80290,
    "y": 199159,
    "z": 0
  },
  {
    "x": 82828,
    "y": 193961,
    "z": 0
  },
  {
    "x": 86580,
    "y": 184566,
    "z": 0
  },
  {
    "x": 94952,
    "y": 179580,
    "z": 0
  },
  {
    "x": 104991,
    "y": 175441,
    "z": 0
  },
  {
    "x": 107555,
    "y": 170058,
    "z": 0
  },
  {
    "x": 110028,
    "y": 163731,
    "z": 0
  },
  {
    "x": 109502,
    "y": 153751,
    "z": 0
  },
  {
    "x": 108976,
    "y": 148706,
    "z": 0
  },
  {
    "x": 110784,
    "y": 137519,
    "z": 0
  },
  {
    "x": 109198,
    "y": 135463,
    "z": 0
  },
  {
    "x": 107346,
    "y": 134060,
    "z": 0
  },
  {
    "x": 103261,
    "y": 131686,
    "z": 0
  },
  {
    "x": 100540,
    "y": 131168,
    "z": 0
  },
  {
    "x": 99691,
    "y": 130089,
    "z": 0
  },
  {
    "x": 99967,
    "y": 128509,
    "z": 0
  },
  {
    "x": 98796,
    "y": 125670,
    "z": 0
  },
  {
    "x": 98452,
    "y": 122196,
    "z": 0
  },
  {
    "x": 98611,
    "y": 120030,
    "z": 0
  },
  {
    "x": 100357,
    "y": 117308,
    "z": 0
  },
  {
    "x": 100961,
    "y": 116024,
    "z": 0
  }
]