[
  {
    "y": 143655,
    "x": -70888,
    "z": 0
  },
  {
    "y": 146346,
    "x": -72144,
    "z": 0
  },
  {
    "y": 149608,
    "x": -73564,
    "z": 0
  },
  {
    "y": 149348,
    "x": -76320,
    "z": 0
  },
  {
    "y": 149054,
    "x": -78715,
    "z": 0
  },
  {
    "y": 148567,
    "x": -80426,
    "z": 0
  },
  {
    "y": 147413,
    "x": -82768,
    "z": 0
  },
  {
    "y": 146249,
    "x": -85521,
    "z": 0
  },
  {
    "y": 143575,
    "x": -89232,
    "z": 0
  },
  {
    "y": 140765,
    "x": -93138,
    "z": 0
  },
  {
    "y": 138959,
    "x": -95940,
    "z": 0
  },
  {
    "y": 137655,
    "x": -98474,
    "z": 0
  },
  {
    "y": 135662,
    "x": -102779,
    "z": 0
  },
  {
    "y": 134384,
    "x": -108481,
    "z": 0
  },
  {
    "y": 131496,
    "x": -111593,
    "z": 0
  },
  {
    "y": 129024,
    "x": -116222,
    "z": 0
  },
  {
    "y": 124561,
    "x": -117917,
    "z": 0
  },
  {
    "y": 120768,
    "x": -120849,
    "z": 0
  },
  {
    "y": 115896,
    "x": -124963,
    "z": 0
  },
  {
    "y": 113221,
    "x": -124828,
    "z": 0
  },
  {
    "y": 108525,
    "x": -123738,
    "z": 0
  },
  {
    "y": 99997,
    "x": -117691,
    "z": 0
  },
  {
    "y": 94239,
    "x": -111154,
    "z": 0
  },
  {
    "y": 87354,
    "x": -104613,
    "z": 0
  },
  {
    "y": 84667,
    "x": -103396,
    "z": 0
  },
  {
    "y": 75532,
    "x": -104814,
    "z": 0
  },
  {
    "y": 71858,
    "x": -100878,
    "z": 0
  },
  {
    "y": 64202,
    "x": -96152,
    "z": 0
  },
  {
    "y": 60906,
    "x": -91557,
    "z": 0
  },
  {
    "y": 55779,
    "x": -88800,
    "z": 0
  },
  {
    "y": 50124,
    "x": -87876,
    "z": 0
  },
  {
    "y": 44257,
    "x": -84298,
    "z": 0
  },
  {
    "y": 39220,
    "x": -77287,
    "z": 0
  },
  {
    "y": 35062,
    "x": -72828,
    "z": 0
  },
  {
    "y": 28813,
    "x": -70046,
    "z": 0
  },
  {
    "y": 22866,
    "x": -67986,
    "z": 0
  },
  {
    "y": 18491,
    "x": -65582,
    "z": 0
  },
  {
    "y": 17728,
    "x": -62634,
    "z": 0
  },
  {
    "y": 20542,
    "x": -58075,
    "z": 0
  },
  {
    "y": 25821,
    "x": -58212,
    "z": 0
  }
]