[
  {
    "x": 141948,
    "y": 40562,
    "z": 0
  },
  {
    "x": 141790,
    "y": 41818,
    "z": 0
  },
  {
    "x": 141688,
    "y": 45940,
    "z": 0
  },
  {
    "x": 140558,
    "y": 47181,
    "z": 0
  },
  {
    "x": 138696,
    "y": 48393,
    "z": 0
  },
  {
    "x": 137737,
    "y": 49939,
    "z": 0
  },
  {
    "x": 136907,
    "y": 51854,
    "z": 0
  },
  {
    "x": 135448,
    "y": 54007,
    "z": 0
  },
  {
    "x": 135686,
    "y": 56244,
    "z": 0
  },
  {
    "x": 137241,
    "y": 58282,
    "z": 0
  },
  {
    "x": 138181,
    "y": 59657,
    "z": 0
  },
  {
    "x": 138498,
    "y": 62310,
    "z": 0
  },
  {
    "x": 137947,
    "y": 64521,
    "z": 0
  },
  {
    "x": 136973,
    "y": 66766,
    "z": 0
  },
  {
    "x": 134920,
    "y": 66700,
    "z": 0
  },
  {
    "x": 132635,
    "y": 69153,
    "z": 0
  },
  {
    "x": 131269,
    "y": 73055,
    "z": 0
  },
  {
    "x": 132112,
    "y": 75468,
    "z": 0
  },
  {
    "x": 132007,
    "y": 76901,
    "z": 0
  },
  {
    "x": 130494,
    "y": 78241,
    "z": 0
  },
  {
    "x": 129375,
    "y": 80797,
    "z": 0
  },
  {
    "x": 132695,
    "y": 82082,
    "z": 0
  },
  {
    "x": 136029,
    "y": 85687,
    "z": 0
  },
  {
    "x": 139016,
    "y": 87218,
    "z": 0
  },
  {
    "x": 142633,
    "y": 87583,
    "z": 0
  },
  {
    "x": 145826,
    "y": 92911,
    "z": 0
  },
  {
    "x": 146502,
    "y": 95844,
    "z": 0
  },
  {
    "x": 143798,
    "y": 101608,
    "z": 0
  },
  {
    "x": 140792,
    "y": 108768,
    "z": 0
  },
  {
    "x": 138554,
    "y": 109976,
    "z": 0
  },
  {
    "x": 131609,
    "y": 111132,
    "z": 0
  },
  {
    "x": 128028,
    "y": 117488,
    "z": 0
  },
  {
    "x": 126172,
    "y": 128825,
    "z": 0
  },
  {
    "x": 124317,
    "y": 136138,
    "z": 0
  },
  {
    "x": 122781,
    "y": 137244,
    "z": 0
  },
  {
    "x": 120502,
    "y": 136995,
    "z": 0
  },
  {
    "x": 119193,
    "y": 137170,
    "z": 0
  },
  {
    "x": 115816,
    "y": 136977,
    "z": 0
  },
  {
    "x": 113340,
    "y": 135210,
    "z": 0
  },
  {
    "x": 111723,
    "y": 135103,
    "z": 0
  },
  {
    "x": 108644,
    "y": 136152,
    "z": 0
  },
  {
    "x": 105654,
    "y": 135313,
    "z": 0
  },
  {
    "x": 102736,
    "y": 134838,
    "z": 0
  },
  {
    "x": 101177,
    "y": 132937,
    "z": 0
  },
  {
    "x": 99885,
    "y": 131042,
    "z": 0
  },
  {
    "x": 100211,
    "y": 129043,
    "z": 0
  },
  {
    "x": 98549,
    "y": 124963,
    "z": 0
  },
  {
    "x": 99134,
    "y": 119739,
    "z": 0
  },
  {
    "x": 100726,
    "y": 116369,
    "z": 0
  }
]