[
  {
    "y": -73060,
    "x": 32794,
    "z": 1153
  },
  {
    "y": -73859,
    "x": 33109,
    "z": 1301
  },
  {
    "y": -74097,
    "x": 33708,
    "z": 1057
  },
  {
    "y": -73714,
    "x": 34780,
    "z": 714
  },
  {
    "y": -72621,
    "x": 35380,
    "z": 736
  },
  {
    "y": -71802,
    "x": 36801,
    "z": 786
  },
  {
    "y": -71595,
    "x": 38021,
    "z": 785
  },
  {
    "y": -71867,
    "x": 38845,
    "z": 769
  },
  {
    "y": -73173,
    "x": 39760,
    "z": 735
  },
  {
    "y": -75298,
    "x": 39624,
    "z": 730
  },
  {
    "y": -76858,
    "x": 39038,
    "z": 753
  },
  {
    "y": -77664,
    "x": 37845,
    "z": 754
  },
  {
    "y": -78525,
    "x": 37645,
    "z": 814
  },
  {
    "y": -79138,
    "x": 38427,
    "z": 796
  },
  {
    "y": -79243,
    "x": 42057,
    "z": 888
  },
  {
    "y": -79011,
    "x": 43429,
    "z": 877
  },
  {
    "y": -78924,
    "x": 44503,
    "z": 753
  },
  {
    "y": -78894,
    "x": 45708,
    "z": 876
  },
  {
    "y": -79273,
    "x": 47055,
    "z": 890
  },
  {
    "y": -79803,
    "x": 47666,
    "z": 732
  },
  {
    "y": -81069,
    "x": 48328,
    "z": 1504
  },
  {
    "y": -81968,
    "x": 48549,
    "z": 1544
  },
  {
    "y": -82904,
    "x": 48724,
    "z": 1438
  },
  {
    "y": -84209,
    "x": 48442,
    "z": 815
  },
  {
    "y": -85281,
    "x": 48418,
    "z": 810
  },
  {
    "y": -86378,
    "x": 49298,
    "z": 779
  },
  {
    "y": -86765,
    "x": 50605,
    "z": 802
  },
  {
    "y": -86486,
    "x": 51584,
    "z": 1012
  },
  {
    "y": -86060,
    "x": 52132,
    "z": 1123
  },
  {
    "y": -85493,
    "x": 52940,
    "z": 1208
  },
  {
    "y": -84805,
    "x": 54039,
    "z": 987
  },
  {
    "y": -84372,
    "x": 55135,
    "z": 1081
  },
  {
    "y": -83655,
    "x": 55952,
    "z": 903
  },
  {
    "y": -82487,
    "x": 57082,
    "z": 845
  },
  {
    "y": -80817,
    "x": 57759,
    "z": 866
  },
  {
    "y": -80070,
    "x": 58298,
    "z": 738
  },
  {
    "y": -79383,
    "x": 58692,
    "z": 907
  },
  {
    "y": -78812,
    "x": 59078,
    "z": 1190
  },
  {
    "y": -77460,
    "x": 59993,
    "z": 869
  },
  {
    "y": -76192,
    "x": 60935,
    "z": 1048
  },
  {
    "y": -74863,
    "x": 61373,
    "z": 609
  },
  {
    "y": -73719,
    "x": 61624,
    "z": 782
  },
  {
    "y": -72799,
    "x": 61745,
    "z": 830
  },
  {
    "y": -71596,
    "x": 61403,
    "z": 832
  },
  {
    "y": -70493,
    "x": 61306,
    "z": 859
  },
  {
    "y": -69212,
    "x": 61733,
    "z": 857
  },
  {
    "y": -68675,
    "x": 62569,
    "z": 822
  },
  {
    "y": -67442,
    "x": 63527,
    "z": 824
  },
  {
    "y": -66820,
    "x": 64335,
    "z": 1052
  },
  {
    "y": -66935,
    "x": 65373,
    "z": 1007
  },
  {
    "y": -67243,
    "x": 67041,
    "z": 1086
  },
  {
    "y": -67140,
    "x": 68960,
    "z": 888
  },
  {
    "y": -67292,
    "x": 70878,
    "z": 892
  },
  {
    "y": -67908,
    "x": 72549,
    "z": 1096
  },
  {
    "y": -69215,
    "x": 74401,
    "z": 1177
  },
  {
    "y": -69483,
    "x": 75767,
    "z": 1055
  },
  {
    "y": -67918,
    "x": 78075,
    "z": 721
  },
  {
    "y": -66419,
    "x": 77841,
    "z": 1082
  },
  {
    "y": -63755,
    "x": 76384,
    "z": 1385
  },
  {
    "y": -60514,
    "x": 77289,
    "z": 1317
  },
  {
    "y": -59404,
    "x": 78476,
    "z": 1197
  },
  {
    "y": -58546,
    "x": 80076,
    "z": 1219
  },
  {
    "y": -58405,
    "x": 84510,
    "z": 1239
  },
  {
    "y": -59481,
    "x": 86721,
    "z": 1179
  },
  {
    "y": -58688,
    "x": 89455,
    "z": 1102
  },
  {
    "y": -59795,
    "x": 91773,
    "z": 994
  },
  {
    "y": -59821,
    "x": 93398,
    "z": 1099
  },
  {
    "y": -58852,
    "x": 94296,
    "z": 1694
  },
  {
    "y": -57651,
    "x": 95665,
    "z": 1920
  },
  {
    "y": -57367,
    "x": 98180,
    "z": 1993
  },
  {
    "y": -57291,
    "x": 99508,
    "z": 1890
  },
  {
    "y": -57445,
    "x": 101075,
    "z": 1624
  },
  {
    "y": -58056,
    "x": 102380,
    "z": 1612
  },
  {
    "y": -58567,
    "x": 102735,
    "z": 1657
  }
]