[
  {
    "x": 115532,
    "y": -62030,
    "z": 0
  },
  {
    "x": 116438,
    "y": -61168,
    "z": 0
  },
  {
    "x": 117804,
    "y": -60957,
    "z": 0
  },
  {
    "x": 118918,
    "y": -62113,
    "z": 0
  },
  {
    "x": 118147,
    "y": -63874,
    "z": 0
  },
  {
    "x": 118536,
    "y": -65764,
    "z": 0
  },
  {
    "x": 118377,
    "y": -66849,
    "z": 0
  },
  {
    "x": 117354,
    "y": -67997,
    "z": 0
  },
  {
    "x": 116843,
    "y": -68707,
    "z": 0
  },
  {
    "x": 117065,
    "y": -69764,
    "z": 0
  },
  {
    "x": 116696,
    "y": -71940,
    "z": 0
  },
  {
    "x": 116420,
    "y": -73580,
    "z": 0
  },
  {
    "x": 117402,
    "y": -75095,
    "z": 0
  },
  {
    "x": 118324,
    "y": -77992,
    "z": 0
  },
  {
    "x": 119797,
    "y": -79890,
    "z": 0
  },
  {
    "x": 120474,
    "y": -81455,
    "z": 0
  },
  {
    "x": 120313,
    "y": -82612,
    "z": 0
  },
  {
    "x": 119393,
    "y": -83289,
    "z": 0
  },
  {
    "x": 118116,
    "y": -84564,
    "z": 0
  },
  {
    "x": 117048,
    "y": -85849,
    "z": 0
  },
  {
    "x": 116045,
    "y": -87613,
    "z": 0
  },
  {
    "x": 115384,
    "y": -89979,
    "z": 0
  },
  {
    "x": 115382,
    "y": -91214,
    "z": 0
  },
  {
    "x": 116252,
    "y": -92611,
    "z": 0
  },
  {
    "x": 115856,
    "y": -94203,
    "z": 0
  },
  {
    "x": 115873,
    "y": -96017,
    "z": 0
  },
  {
    "x": 115469,
    "y": -98971,
    "z": 0
  },
  {
    "x": 115792,
    "y": -99793,
    "z": 0
  },
  {
    "x": 116092,
    "y": -101423,
    "z": 0
  },
  {
    "x": 117827,
    "y": -101845,
    "z": 0
  }
]