{
  "Caravaner": {
    "class": "Caravaner",
    "mount": "a_siltstrider",
    "ground_offset": 1025
  },
  "Shipmaster": {
    "class": "Shipmaster",
    "override_npc": [
      "rindral dralor",
      "Daynas Darys"
    ],
    "mount": "a_longboat",
    "override_mount": {
      "a_DE_ship": [
        "Vos",
        "Dagon Fel",
        "Sadrith Mora",
        "Ebonheart"
      ]
    },
    "ground_offset": 0
  },
  "Gondolier": {
    "class": "Gondolier",
    "mount": "ex_gondola_01",
    "ground_offset": 0
  }
}