[
  {
    "x": 141948,
    "y": 40562,
    "z": 0
  },
  {
    "x": 141790,
    "y": 41818,
    "z": 0
  },
  {
    "x": 141688,
    "y": 45940,
    "z": 0
  },
  {
    "x": 140558,
    "y": 47181,
    "z": 0
  },
  {
    "x": 138696,
    "y": 48393,
    "z": 0
  },
  {
    "x": 137737,
    "y": 49939,
    "z": 0
  },
  {
    "x": 136907,
    "y": 51854,
    "z": 0
  },
  {
    "x": 135448,
    "y": 54007,
    "z": 0
  },
  {
    "x": 135686,
    "y": 56244,
    "z": 0
  },
  {
    "x": 137241,
    "y": 58282,
    "z": 0
  },
  {
    "x": 138181,
    "y": 59657,
    "z": 0
  },
  {
    "x": 138498,
    "y": 62310,
    "z": 0
  },
  {
    "x": 137947,
    "y": 64521,
    "z": 0
  },
  {
    "x": 136973,
    "y": 66766,
    "z": 0
  },
  {
    "x": 134920,
    "y": 66700,
    "z": 0
  },
  {
    "x": 132635,
    "y": 69153,
    "z": 0
  },
  {
    "x": 131269,
    "y": 73055,
    "z": 0
  },
  {
    "x": 132112,
    "y": 75468,
    "z": 0
  },
  {
    "x": 132007,
    "y": 76901,
    "z": 0
  },
  {
    "x": 130494,
    "y": 78241,
    "z": 0
  },
  {
    "x": 129375,
    "y": 80797,
    "z": 0
  },
  {
    "x": 132695,
    "y": 82082,
    "z": 0
  },
  {
    "x": 136029,
    "y": 85687,
    "z": 0
  },
  {
    "x": 139016,
    "y": 87218,
    "z": 0
  },
  {
    "x": 142633,
    "y": 87583,
    "z": 0
  },
  {
    "x": 145826,
    "y": 92911,
    "z": 0
  },
  {
    "x": 146502,
    "y": 95844,
    "z": 0
  },
  {
    "x": 143798,
    "y": 101608,
    "z": 0
  },
  {
    "x": 140792,
    "y": 108768,
    "z": 0
  },
  {
    "x": 138554,
    "y": 109976,
    "z": 0
  },
  {
    "x": 131609,
    "y": 111132,
    "z": 0
  },
  {
    "x": 128028,
    "y": 117488,
    "z": 0
  },
  {
    "x": 126172,
    "y": 128825,
    "z": 0
  },
  {
    "x": 124093,
    "y": 136866,
    "z": 0
  },
  {
    "x": 122541,
    "y": 140932,
    "z": 0
  },
  {
    "x": 117561,
    "y": 146205,
    "z": 0
  },
  {
    "x": 110906,
    "y": 155378,
    "z": 0
  },
  {
    "x": 110028,
    "y": 163731,
    "z": 0
  },
  {
    "x": 107555,
    "y": 170058,
    "z": 0
  },
  {
    "x": 104991,
    "y": 175441,
    "z": 0
  },
  {
    "x": 94952,
    "y": 179580,
    "z": 0
  },
  {
    "x": 86580,
    "y": 184566,
    "z": 0
  },
  {
    "x": 82828,
    "y": 193961,
    "z": 0
  },
  {
    "x": 80290,
    "y": 199159,
    "z": 0
  },
  {
    "x": 74013,
    "y": 204372,
    "z": 0
  },
  {
    "x": 68081,
    "y": 205123,
    "z": 0
  },
  {
    "x": 59840,
    "y": 202709,
    "z": 0
  },
  {
    "x": 56449,
    "y": 199152,
    "z": 0
  },
  {
    "x": 55988,
    "y": 194642,
    "z": 0
  },
  {
    "x": 57327,
    "y": 190629,
    "z": 0
  },
  {
    "x": 59565,
    "y": 188888,
    "z": 0
  },
  {
    "x": 61867,
    "y": 187592,
    "z": 0
  },
  {
    "x": 61968,
    "y": 186233,
    "z": 0
  }
]