[
  {
    "x": 117658,
    "y": -101866,
    "z": 0
  },
  {
    "x": 116837,
    "y": -101778,
    "z": 0
  },
  {
    "x": 116039,
    "y": -101100,
    "z": 0
  },
  {
    "x": 115681,
    "y": -99819,
    "z": 0
  },
  {
    "x": 115512,
    "y": -98577,
    "z": 0
  },
  {
    "x": 115654,
    "y": -96161,
    "z": 0
  },
  {
    "x": 116062,
    "y": -94367,
    "z": 0
  },
  {
    "x": 115421,
    "y": -90913,
    "z": 0
  },
  {
    "x": 116007,
    "y": -87383,
    "z": 0
  },
  {
    "x": 117158,
    "y": -85238,
    "z": 0
  },
  {
    "x": 119039,
    "y": -85462,
    "z": 0
  },
  {
    "x": 119777,
    "y": -86266,
    "z": 0
  },
  {
    "x": 122061,
    "y": -86739,
    "z": 0
  },
  {
    "x": 124440,
    "y": -85504,
    "z": 0
  },
  {
    "x": 126589,
    "y": -86229,
    "z": 0
  },
  {
    "x": 129406,
    "y": -86053,
    "z": 0
  },
  {
    "x": 131962,
    "y": -87333,
    "z": 0
  },
  {
    "x": 138090,
    "y": -88143,
    "z": 0
  },
  {
    "x": 144895,
    "y": -87123,
    "z": 0
  },
  {
    "x": 150443,
    "y": -85793,
    "z": 0
  },
  {
    "x": 155353,
    "y": -86790,
    "z": 0
  },
  {
    "x": 159039,
    "y": -85201,
    "z": 0
  },
  {
    "x": 162980,
    "y": -84937,
    "z": 0
  },
  {
    "x": 163034,
    "y": -80138,
    "z": 0
  },
  {
    "x": 165256,
    "y": -75259,
    "z": 0
  },
  {
    "x": 166192,
    "y": -72934,
    "z": 0
  },
  {
    "x": 165161,
    "y": -71789,
    "z": 0
  },
  {
    "x": 164776,
    "y": -70266,
    "z": 0
  },
  {
    "x": 165804,
    "y": -69313,
    "z": 0
  },
  {
    "x": 166598,
    "y": -67519,
    "z": 0
  },
  {
    "x": 165843,
    "y": -64519,
    "z": 0
  },
  {
    "x": 166196,
    "y": -63404,
    "z": 0
  },
  {
    "x": 167948,
    "y": -62298,
    "z": 0
  },
  {
    "x": 169077,
    "y": -62022,
    "z": 0
  },
  {
    "x": 169200,
    "y": -60425,
    "z": 0
  },
  {
    "x": 171090,
    "y": -59456,
    "z": 0
  },
  {
    "x": 172739,
    "y": -58695,
    "z": 0
  },
  {
    "x": 174242,
    "y": -58785,
    "z": 0
  },
  {
    "x": 174283,
    "y": -57714,
    "z": 0
  },
  {
    "x": 174057,
    "y": -55925,
    "z": 0
  },
  {
    "x": 172794,
    "y": -47501,
    "z": 0
  },
  {
    "x": 175972,
    "y": -44381,
    "z": 0
  },
  {
    "x": 175557,
    "y": -40342,
    "z": 0
  },
  {
    "x": 172153,
    "y": -35875,
    "z": 0
  },
  {
    "x": 169673,
    "y": -34667,
    "z": 0
  },
  {
    "x": 167373,
    "y": -32649,
    "z": 0
  },
  {
    "x": 166334,
    "y": -31846,
    "z": 0
  },
  {
    "x": 166008,
    "y": -29849,
    "z": 0
  },
  {
    "x": 166852,
    "y": -25777,
    "z": 0
  },
  {
    "x": 165624,
    "y": -23737,
    "z": 0
  },
  {
    "x": 166378,
    "y": -21585,
    "z": 0
  },
  {
    "x": 164849,
    "y": -19358,
    "z": 0
  },
  {
    "x": 163686,
    "y": -16600,
    "z": 0
  },
  {
    "x": 161473,
    "y": -9027,
    "z": 0
  },
  {
    "x": 159824,
    "y": -4674,
    "z": 0
  },
  {
    "x": 159127,
    "y": -1681,
    "z": 0
  },
  {
    "x": 160629,
    "y": 584,
    "z": 0
  },
  {
    "x": 160727,
    "y": 3463,
    "z": 0
  },
  {
    "x": 160216,
    "y": 6430,
    "z": 0
  },
  {
    "x": 159590,
    "y": 7400,
    "z": 0
  },
  {
    "x": 157669,
    "y": 6938,
    "z": 0
  },
  {
    "x": 155242,
    "y": 6767,
    "z": 0
  },
  {
    "x": 153802,
    "y": 7214,
    "z": 0
  },
  {
    "x": 153913,
    "y": 8831,
    "z": 0
  },
  {
    "x": 153143,
    "y": 10190,
    "z": 0
  },
  {
    "x": 153493,
    "y": 11316,
    "z": 0
  },
  {
    "x": 154638,
    "y": 12556,
    "z": 0
  },
  {
    "x": 155224,
    "y": 13613,
    "z": 0
  },
  {
    "x": 154407,
    "y": 14895,
    "z": 0
  },
  {
    "x": 152292,
    "y": 15879,
    "z": 0
  },
  {
    "x": 150849,
    "y": 16962,
    "z": 0
  },
  {
    "x": 148682,
    "y": 17836,
    "z": 0
  },
  {
    "x": 147367,
    "y": 19937,
    "z": 0
  },
  {
    "x": 148158,
    "y": 21313,
    "z": 0
  },
  {
    "x": 148774,
    "y": 22915,
    "z": 0
  },
  {
    "x": 147928,
    "y": 24431,
    "z": 0
  },
  {
    "x": 146625,
    "y": 25787,
    "z": 0
  },
  {
    "x": 145620,
    "y": 27876,
    "z": 0
  },
  {
    "x": 144991,
    "y": 29514,
    "z": 0
  },
  {
    "x": 144956,
    "y": 31954,
    "z": 0
  },
  {
    "x": 144178,
    "y": 33000,
    "z": 0
  },
  {
    "x": 141150,
    "y": 33678,
    "z": 0
  },
  {
    "x": 139264,
    "y": 35180,
    "z": 0
  },
  {
    "x": 139000,
    "y": 37782,
    "z": 0
  },
  {
    "x": 139120,
    "y": 39818,
    "z": 0
  },
  {
    "x": 140406,
    "y": 40331,
    "z": 0
  }
]