[
  {
    "y": -18697,
    "x": -22413,
    "z": 1403
  },
  {
    "y": -19199,
    "x": -22041,
    "z": 1351
  },
  {
    "y": -19873,
    "x": -21581,
    "z": 1320
  },
  {
    "y": -21535,
    "x": -21496,
    "z": 1163
  },
  {
    "y": -22442,
    "x": -20534,
    "z": 948
  },
  {
    "y": -22114,
    "x": -19053,
    "z": 956
  },
  {
    "y": -21002,
    "x": -18136,
    "z": 953
  },
  {
    "y": -19761,
    "x": -16042,
    "z": 1348
  },
  {
    "y": -18869,
    "x": -12860,
    "z": 1339
  },
  {
    "y": -17764,
    "x": -10370,
    "z": 1699
  },
  {
    "y": -14409,
    "x": -8841,
    "z": 1814
  },
  {
    "y": -10852,
    "x": -6683,
    "z": 1384
  },
  {
    "y": -8505,
    "x": -8292,
    "z": 1717
  },
  {
    "y": -5663,
    "x": -7907,
    "z": 1845
  },
  {
    "y": -1617,
    "x": -10296,
    "z": 1667
  },
  {
    "y": 1689,
    "x": -10057,
    "z": 1768
  },
  {
    "y": 5775,
    "x": -10292,
    "z": 2388
  },
  {
    "y": 6919,
    "x": -9405,
    "z": 2244
  },
  {
    "y": 9434,
    "x": -9452,
    "z": 2434
  },
  {
    "y": 13247,
    "x": -9364,
    "z": 2184
  },
  {
    "y": 14973,
    "x": -8489,
    "z": 2355
  },
  {
    "y": 17725,
    "x": -8353,
    "z": 2271
  },
  {
    "y": 20531,
    "x": -7692,
    "z": 2266
  },
  {
    "y": 22799,
    "x": -7452,
    "z": 2355
  },
  {
    "y": 23940,
    "x": -9002,
    "z": 2735
  },
  {
    "y": 25057,
    "x": -10372,
    "z": 2396
  },
  {
    "y": 25542,
    "x": -13059,
    "z": 2473
  },
  {
    "y": 25774,
    "x": -15033,
    "z": 2722
  },
  {
    "y": 26377,
    "x": -15989,
    "z": 2460
  },
  {
    "y": 28858,
    "x": -17413,
    "z": 2754
  },
  {
    "y": 31690,
    "x": -18584,
    "z": 2230
  },
  {
    "y": 32142,
    "x": -21431,
    "z": 2245
  },
  {
    "y": 31218,
    "x": -24059,
    "z": 2099
  },
  {
    "y": 29952,
    "x": -27612,
    "z": 2073
  },
  {
    "y": 33223,
    "x": -27618,
    "z": 2262
  },
  {
    "y": 35137,
    "x": -26634,
    "z": 2404
  },
  {
    "y": 37011,
    "x": -26470,
    "z": 2453
  },
  {
    "y": 38098,
    "x": -28256,
    "z": 2938
  },
  {
    "y": 40299,
    "x": -28692,
    "z": 3194
  },
  {
    "y": 42042,
    "x": -29114,
    "z": 3297
  },
  {
    "y": 43718,
    "x": -32768,
    "z": 3357
  },
  {
    "y": 43673,
    "x": -33791,
    "z": 3407
  },
  {
    "y": 45713,
    "x": -33954,
    "z": 3299
  },
  {
    "y": 45975,
    "x": -35905,
    "z": 3402
  },
  {
    "y": 48253,
    "x": -36508,
    "z": 3318
  },
  {
    "y": 51051,
    "x": -36629,
    "z": 3318
  },
  {
    "y": 52318,
    "x": -37556,
    "z": 3312
  },
  {
    "y": 53255,
    "x": -37973,
    "z": 3291
  },
  {
    "y": 53536,
    "x": -39560,
    "z": 3216
  },
  {
    "y": 55759,
    "x": -39645,
    "z": 3536
  },
  {
    "y": 57338,
    "x": -39335,
    "z": 3555
  },
  {
    "y": 58692,
    "x": -38055,
    "z": 3409
  },
  {
    "y": 59022,
    "x": -36069,
    "z": 3380
  },
  {
    "y": 59089,
    "x": -33913,
    "z": 3159
  },
  {
    "y": 58996,
    "x": -30447,
    "z": 3051
  },
  {
    "y": 56857,
    "x": -28622,
    "z": 2596
  },
  {
    "y": 56804,
    "x": -27202,
    "z": 2412
  },
  {
    "y": 53451,
    "x": -22703,
    "z": 1933
  },
  {
    "y": 54694,
    "x": -21249,
    "z": 2134
  },
  {
    "y": 54458,
    "x": -19648,
    "z": 2463
  },
  {
    "y": 55681,
    "x": -18799,
    "z": 2630
  },
  {
    "y": 55765,
    "x": -18224,
    "z": 2711
  },
  {
    "y": 55408,
    "x": -17918,
    "z": 2809
  }
]