{
  "a_siltstrider": {
    "sound": "Silt_2",
    "offset": -1220,
    "sway": 1,
    "speed": 3,
    "turnspeed": 20,
    "player_mount": 2,
    "mountpoint1": {
      "x": 0,
      "y": 70,
      "z": 1223
    },
    "mountpoint2": {
      "x": 0,
      "y": -34,
      "z": 1223
    },
    "mountpoint4": {
      "x": -81,
      "y": 0,
      "z": 1230
    },
    "mountpoint5": {
      "x": 81,
      "y": 0,
      "z": 1230
    },
    "mountpoint6": {
      "x": 0,
      "y": -86,
      "z": 1227
    }
  },
  "a_longboat": {
    "sound": "Boat Hull",
    "offset": 74,
    "sway": 4,
    "speed": 3,
    "turnspeed": 10,
    "player_mount": 2,
    "mountpoint1": {
      "x": 67,
      "y": -457,
      "z": -65
    },
    "mountpoint2": {
      "x": 0,
      "y": 324,
      "z": -63
    },
    "mountpoint3": {
      "x": 0,
      "y": 90,
      "z": -63
    },
    "mountpoint4": {
      "x": -111,
      "y": 0,
      "z": -63
    },
    "mountpoint5": {
      "x": 111,
      "y": 0,
      "z": -63
    }
  },
  "a_DE_ship": {
    "sound": "Boat Hull",
    "offset": -20,
    "sway": 4,
    "speed": 3,
    "turnspeed": 10,
    "player_mount": 2,
    "mountpoint1": {
      "x": -25,
      "y": -823,
      "z": 360
    },
    "mountpoint2": {
      "x": 0,
      "y": 438,
      "z": 257
    },
    "mountpoint3": {
      "x": 0,
      "y": 29,
      "z": 209
    },
    "mountpoint4": {
      "x": -181,
      "y": 139,
      "z": 209
    },
    "mountpoint5": {
      "x": 181,
      "y": -139,
      "z": 209
    },
    "mountpoint6": {
      "x": 115,
      "y": -466,
      "z": 208
    }
  },
  "ex_gondola_01": {
    "sound": "Boat Creak",
    "offset": 40,
    "sway": 1,
    "speed": 2,
    "turnspeed": 14,
    "player_mount": 2,
    "mountpoint1": {
      "x": 0,
      "y": -188,
      "z": -1
    },
    "mountpoint2": {
      "x": 0,
      "y": 106,
      "z": -36
    },
    "mountpoint3": {
      "x": 0,
      "y": 37,
      "z": -38
    },
    "mountpoint6": {
      "x": 0,
      "y": -67,
      "z": -38
    }
  }
}