[
  {
    "x": 21016,
    "y": -101217,
    "z": 0
  },
  {
    "x": 23220,
    "y": -101131,
    "z": 0
  },
  {
    "x": 25504,
    "y": -104294,
    "z": 0
  },
  {
    "x": 30735,
    "y": -112752,
    "z": 0
  },
  {
    "x": 30297,
    "y": -115916,
    "z": 0
  },
  {
    "x": 27769,
    "y": -118804,
    "z": 0
  },
  {
    "x": 19886,
    "y": -118240,
    "z": 0
  },
  {
    "x": 18410,
    "y": -115146,
    "z": 0
  },
  {
    "x": 14397,
    "y": -110426,
    "z": 0
  },
  {
    "x": 10363,
    "y": -108246,
    "z": 0
  },
  {
    "x": 263,
    "y": -100828,
    "z": 0
  },
  {
    "x": -14547,
    "y": -88092,
    "z": 0
  },
  {
    "x": -18888,
    "y": -82196,
    "z": 0
  },
  {
    "x": -24162,
    "y": -82758,
    "z": 0
  },
  {
    "x": -26705,
    "y": -82534,
    "z": 0
  },
  {
    "x": -32975,
    "y": -80765,
    "z": 0
  },
  {
    "x": -41329,
    "y": -78052,
    "z": 0
  },
  {
    "x": -44063,
    "y": -74666,
    "z": 0
  },
  {
    "x": -48697,
    "y": -66270,
    "z": 0
  },
  {
    "x": -55169,
    "y": -57406,
    "z": 0
  },
  {
    "x": -57874,
    "y": -51333,
    "z": 0
  },
  {
    "x": -56131,
    "y": -43820,
    "z": 0
  },
  {
    "x": -51886,
    "y": -39941,
    "z": 0
  }
]