[
  {
    "y": -19384,
    "x": -20906,
    "z": 1241
  },
  {
    "y": -19852,
    "x": -19111,
    "z": 1229
  },
  {
    "y": -19745,
    "x": -16982,
    "z": 1248
  },
  {
    "y": -19291,
    "x": -14158,
    "z": 1373
  },
  {
    "y": -18889,
    "x": -12742,
    "z": 1356
  },
  {
    "y": -19190,
    "x": -10321,
    "z": 1640
  },
  {
    "y": -19526,
    "x": -7674,
    "z": 1638
  },
  {
    "y": -20578,
    "x": -6339,
    "z": 2093
  },
  {
    "y": -21522,
    "x": -4844,
    "z": 2102
  },
  {
    "y": -22918,
    "x": -3781,
    "z": 1740
  },
  {
    "y": -24616,
    "x": -4902,
    "z": 1684
  },
  {
    "y": -25537,
    "x": -5534,
    "z": 1536
  },
  {
    "y": -26856,
    "x": -4385,
    "z": 2004
  },
  {
    "y": -27599,
    "x": -3296,
    "z": 2065
  },
  {
    "y": -28523,
    "x": -2062,
    "z": 1713
  },
  {
    "y": -29507,
    "x": -1264,
    "z": 1442
  },
  {
    "y": -29239,
    "x": 360,
    "z": 1577
  },
  {
    "y": -30892,
    "x": 822,
    "z": 1539
  },
  {
    "y": -32192,
    "x": 1038,
    "z": 1795
  },
  {
    "y": -32974,
    "x": 1326,
    "z": 1319
  },
  {
    "y": -33586,
    "x": 3038,
    "z": 926
  },
  {
    "y": -34198,
    "x": 4685,
    "z": 1094
  },
  {
    "y": -33857,
    "x": 7851,
    "z": 995
  },
  {
    "y": -35978,
    "x": 11157,
    "z": 740
  },
  {
    "y": -36541,
    "x": 13344,
    "z": 796
  },
  {
    "y": -35816,
    "x": 16040,
    "z": 782
  },
  {
    "y": -35418,
    "x": 17424,
    "z": 1359
  },
  {
    "y": -35769,
    "x": 19220,
    "z": 899
  },
  {
    "y": -35547,
    "x": 20799,
    "z": 1049
  },
  {
    "y": -36741,
    "x": 22109,
    "z": 942
  },
  {
    "y": -37718,
    "x": 22985,
    "z": 684
  },
  {
    "y": -39127,
    "x": 23260,
    "z": 1105
  },
  {
    "y": -40081,
    "x": 23701,
    "z": 1672
  },
  {
    "y": -40758,
    "x": 25545,
    "z": 1722
  },
  {
    "y": -40866,
    "x": 26082,
    "z": 1709
  },
  {
    "y": -40239,
    "x": 27387,
    "z": 1710
  },
  {
    "y": -40021,
    "x": 28354,
    "z": 1737
  },
  {
    "y": -40336,
    "x": 29043,
    "z": 1697
  },
  {
    "y": -40752,
    "x": 30450,
    "z": 1702
  },
  {
    "y": -40688,
    "x": 31870,
    "z": 1697
  },
  {
    "y": -40771,
    "x": 34091,
    "z": 1777
  },
  {
    "y": -41603,
    "x": 35808,
    "z": 1705
  },
  {
    "y": -42950,
    "x": 37527,
    "z": 1719
  },
  {
    "y": -43314,
    "x": 38778,
    "z": 1757
  },
  {
    "y": -43669,
    "x": 40943,
    "z": 1794
  },
  {
    "y": -44929,
    "x": 42337,
    "z": 1769
  },
  {
    "y": -44956,
    "x": 43916,
    "z": 1795
  },
  {
    "y": -46126,
    "x": 44815,
    "z": 1760
  },
  {
    "y": -46894,
    "x": 46619,
    "z": 1820
  },
  {
    "y": -47805,
    "x": 47460,
    "z": 1757
  },
  {
    "y": -49105,
    "x": 47323,
    "z": 1841
  },
  {
    "y": -49815,
    "x": 46932,
    "z": 1829
  },
  {
    "y": -50770,
    "x": 46802,
    "z": 1680
  },
  {
    "y": -51823,
    "x": 46844,
    "z": 1418
  },
  {
    "y": -52863,
    "x": 46944,
    "z": 795
  },
  {
    "y": -53188,
    "x": 48282,
    "z": 896
  },
  {
    "y": -53239,
    "x": 49203,
    "z": 760
  },
  {
    "y": -52709,
    "x": 50102,
    "z": 680
  },
  {
    "y": -50998,
    "x": 50655,
    "z": 767
  },
  {
    "y": -49604,
    "x": 51274,
    "z": 664
  },
  {
    "y": -47806,
    "x": 51339,
    "z": 980
  },
  {
    "y": -47401,
    "x": 52131,
    "z": 1056
  }
]