[
  {
    "y": -18824,
    "x": -22206,
    "z": 1360
  },
  {
    "y": -19249,
    "x": -21795,
    "z": 1309
  },
  {
    "y": -20490,
    "x": -20326,
    "z": 907
  },
  {
    "y": -22744,
    "x": -20875,
    "z": 901
  },
  {
    "y": -24458,
    "x": -23223,
    "z": 802
  },
  {
    "y": -27545,
    "x": -26855,
    "z": 823
  },
  {
    "y": -30288,
    "x": -28641,
    "z": 856
  },
  {
    "y": -32983,
    "x": -29673,
    "z": 817
  },
  {
    "y": -36433,
    "x": -31048,
    "z": 823
  },
  {
    "y": -39812,
    "x": -32443,
    "z": 872
  },
  {
    "y": -42234,
    "x": -34878,
    "z": 879
  },
  {
    "y": -45308,
    "x": -37922,
    "z": 867
  },
  {
    "y": -46344,
    "x": -38529,
    "z": 985
  },
  {
    "y": -49746,
    "x": -39823,
    "z": 819
  },
  {
    "y": -51316,
    "x": -40907,
    "z": 924
  },
  {
    "y": -54248,
    "x": -42164,
    "z": 817
  },
  {
    "y": -57402,
    "x": -40659,
    "z": 541
  },
  {
    "y": -58158,
    "x": -38159,
    "z": 875
  },
  {
    "y": -59515,
    "x": -36594,
    "z": 532
  },
  {
    "y": -59666,
    "x": -32841,
    "z": 775
  },
  {
    "y": -60243,
    "x": -29134,
    "z": 535
  },
  {
    "y": -63807,
    "x": -26150,
    "z": 359
  },
  {
    "y": -66120,
    "x": -25778,
    "z": 707
  },
  {
    "y": -66596,
    "x": -25043,
    "z": 1071
  },
  {
    "y": -66877,
    "x": -24595,
    "z": 1127
  },
  {
    "y": -67536,
    "x": -23639,
    "z": 704
  },
  {
    "y": -67364,
    "x": -22280,
    "z": 534
  },
  {
    "y": -66504,
    "x": -21380,
    "z": 659
  },
  {
    "y": -65667,
    "x": -20057,
    "z": 1159
  },
  {
    "y": -65180,
    "x": -18787,
    "z": 1029
  },
  {
    "y": -65352,
    "x": -17316,
    "z": 1261
  },
  {
    "y": -66883,
    "x": -16964,
    "z": 1422
  },
  {
    "y": -67456,
    "x": -15679,
    "z": 1109
  },
  {
    "y": -68643,
    "x": -14433,
    "z": 1036
  },
  {
    "y": -69318,
    "x": -13486,
    "z": 942
  },
  {
    "y": -69225,
    "x": -11751,
    "z": 965
  },
  {
    "y": -69125,
    "x": -10786,
    "z": 977
  },
  {
    "y": -69640,
    "x": -10137,
    "z": 966
  },
  {
    "y": -70185,
    "x": -9656,
    "z": 982
  },
  {
    "y": -70223,
    "x": -9245,
    "z": 997
  }
]