[
  {
    "x": 20819,
    "y": -101595,
    "z": 0
  },
  {
    "x": 21277,
    "y": -101231,
    "z": 0
  },
  {
    "x": 21816,
    "y": -100318,
    "z": 0
  },
  {
    "x": 22365,
    "y": -99719,
    "z": 0
  },
  {
    "x": 26656,
    "y": -97342,
    "z": 0
  },
  {
    "x": 30410,
    "y": -96918,
    "z": 0
  },
  {
    "x": 30958,
    "y": -96574,
    "z": 0
  },
  {
    "x": 32005,
    "y": -96702,
    "z": 0
  },
  {
    "x": 32476,
    "y": -96436,
    "z": 0
  },
  {
    "x": 32675,
    "y": -95597,
    "z": 0
  },
  {
    "x": 33037,
    "y": -94889,
    "z": 0
  },
  {
    "x": 32862,
    "y": -93562,
    "z": 0
  },
  {
    "x": 33009,
    "y": -91760,
    "z": 0
  },
  {
    "x": 32645,
    "y": -91141,
    "z": 0
  },
  {
    "x": 32630,
    "y": -89133,
    "z": 0
  },
  {
    "x": 32979,
    "y": -88682,
    "z": 0
  },
  {
    "x": 32696,
    "y": -88200,
    "z": 0
  },
  {
    "x": 32636,
    "y": -86949,
    "z": 0
  },
  {
    "x": 32650,
    "y": -86203,
    "z": 0
  },
  {
    "x": 33047,
    "y": -85318,
    "z": 0
  },
  {
    "x": 32620,
    "y": -84581,
    "z": 0
  },
  {
    "x": 32804,
    "y": -84055,
    "z": 0
  },
  {
    "x": 33440,
    "y": -83564,
    "z": 0
  },
  {
    "x": 33935,
    "y": -83135,
    "z": 0
  },
  {
    "x": 34372,
    "y": -82073,
    "z": 0
  },
  {
    "x": 33784,
    "y": -77703,
    "z": 0
  },
  {
    "x": 33655,
    "y": -76916,
    "z": 0
  },
  {
    "x": 33288,
    "y": -76555,
    "z": 0
  },
  {
    "x": 32160,
    "y": -76438,
    "z": 0
  },
  {
    "x": 31225,
    "y": -76676,
    "z": 0
  },
  {
    "x": 29493,
    "y": -76509,
    "z": 0
  }
]