[
  {
    "x": 140406,
    "y": 40331,
    "z": 0
  },
  {
    "x": 139120,
    "y": 39818,
    "z": 0
  },
  {
    "x": 139000,
    "y": 37782,
    "z": 0
  },
  {
    "x": 139264,
    "y": 35180,
    "z": 0
  },
  {
    "x": 141150,
    "y": 33678,
    "z": 0
  },
  {
    "x": 144178,
    "y": 33000,
    "z": 0
  },
  {
    "x": 144956,
    "y": 31954,
    "z": 0
  },
  {
    "x": 144991,
    "y": 29514,
    "z": 0
  },
  {
    "x": 145620,
    "y": 27876,
    "z": 0
  },
  {
    "x": 146625,
    "y": 25787,
    "z": 0
  },
  {
    "x": 147928,
    "y": 24431,
    "z": 0
  },
  {
    "x": 148774,
    "y": 22915,
    "z": 0
  },
  {
    "x": 148158,
    "y": 21313,
    "z": 0
  },
  {
    "x": 147367,
    "y": 19937,
    "z": 0
  },
  {
    "x": 148682,
    "y": 17836,
    "z": 0
  },
  {
    "x": 150849,
    "y": 16962,
    "z": 0
  },
  {
    "x": 152292,
    "y": 15879,
    "z": 0
  },
  {
    "x": 154407,
    "y": 14895,
    "z": 0
  },
  {
    "x": 155224,
    "y": 13613,
    "z": 0
  },
  {
    "x": 154638,
    "y": 12556,
    "z": 0
  },
  {
    "x": 153493,
    "y": 11316,
    "z": 0
  },
  {
    "x": 153143,
    "y": 10190,
    "z": 0
  },
  {
    "x": 153913,
    "y": 8831,
    "z": 0
  },
  {
    "x": 153802,
    "y": 7214,
    "z": 0
  },
  {
    "x": 155242,
    "y": 6767,
    "z": 0
  },
  {
    "x": 157669,
    "y": 6938,
    "z": 0
  },
  {
    "x": 159590,
    "y": 7400,
    "z": 0
  },
  {
    "x": 160216,
    "y": 6430,
    "z": 0
  },
  {
    "x": 160727,
    "y": 3463,
    "z": 0
  },
  {
    "x": 160629,
    "y": 584,
    "z": 0
  },
  {
    "x": 159127,
    "y": -1681,
    "z": 0
  },
  {
    "x": 159824,
    "y": -4674,
    "z": 0
  },
  {
    "x": 161473,
    "y": -9027,
    "z": 0
  },
  {
    "x": 163686,
    "y": -16600,
    "z": 0
  },
  {
    "x": 164849,
    "y": -19358,
    "z": 0
  },
  {
    "x": 166378,
    "y": -21585,
    "z": 0
  },
  {
    "x": 165624,
    "y": -23737,
    "z": 0
  },
  {
    "x": 166852,
    "y": -25777,
    "z": 0
  },
  {
    "x": 166008,
    "y": -29849,
    "z": 0
  },
  {
    "x": 166334,
    "y": -31846,
    "z": 0
  },
  {
    "x": 167373,
    "y": -32649,
    "z": 0
  },
  {
    "x": 169673,
    "y": -34667,
    "z": 0
  },
  {
    "x": 172153,
    "y": -35875,
    "z": 0
  },
  {
    "x": 175557,
    "y": -40342,
    "z": 0
  },
  {
    "x": 175972,
    "y": -44381,
    "z": 0
  },
  {
    "x": 172794,
    "y": -47501,
    "z": 0
  },
  {
    "x": 174057,
    "y": -55925,
    "z": 0
  },
  {
    "x": 174283,
    "y": -57714,
    "z": 0
  },
  {
    "x": 174242,
    "y": -58785,
    "z": 0
  },
  {
    "x": 172739,
    "y": -58695,
    "z": 0
  },
  {
    "x": 171090,
    "y": -59456,
    "z": 0
  },
  {
    "x": 169200,
    "y": -60425,
    "z": 0
  },
  {
    "x": 169077,
    "y": -62022,
    "z": 0
  },
  {
    "x": 167948,
    "y": -62298,
    "z": 0
  },
  {
    "x": 166196,
    "y": -63404,
    "z": 0
  },
  {
    "x": 165843,
    "y": -64519,
    "z": 0
  },
  {
    "x": 166598,
    "y": -67519,
    "z": 0
  },
  {
    "x": 165804,
    "y": -69313,
    "z": 0
  },
  {
    "x": 164776,
    "y": -70266,
    "z": 0
  },
  {
    "x": 165161,
    "y": -71789,
    "z": 0
  },
  {
    "x": 166192,
    "y": -72934,
    "z": 0
  },
  {
    "x": 165256,
    "y": -75259,
    "z": 0
  },
  {
    "x": 163034,
    "y": -80138,
    "z": 0
  },
  {
    "x": 161589,
    "y": -88119,
    "z": 0
  },
  {
    "x": 151427,
    "y": -92027,
    "z": 0
  },
  {
    "x": 143683,
    "y": -101057,
    "z": 0
  },
  {
    "x": 140155,
    "y": -115153,
    "z": 0
  },
  {
    "x": 136860,
    "y": -117261,
    "z": 0
  },
  {
    "x": 130684,
    "y": -118820,
    "z": 0
  },
  {
    "x": 119921,
    "y": -121726,
    "z": 0
  },
  {
    "x": 101176,
    "y": -114730,
    "z": 0
  },
  {
    "x": 98422,
    "y": -109752,
    "z": 0
  },
  {
    "x": 95667,
    "y": -107369,
    "z": 0
  },
  {
    "x": 89005,
    "y": -107319,
    "z": 0
  },
  {
    "x": 80591,
    "y": -113541,
    "z": 0
  },
  {
    "x": 68007,
    "y": -118380,
    "z": 0
  },
  {
    "x": 53888,
    "y": -118996,
    "z": 0
  },
  {
    "x": 41311,
    "y": -119253,
    "z": 0
  },
  {
    "x": 33016,
    "y": -116513,
    "z": 0
  },
  {
    "x": 29469,
    "y": -110502,
    "z": 0
  },
  {
    "x": 25433,
    "y": -103232,
    "z": 0
  },
  {
    "x": 21316,
    "y": -100959,
    "z": 0
  }
]