{
  "sound": [
    "cliff racer scream"
  ],
  "loopSound": false,
  "mesh": "r\\CliffRacer.nif",
  "offset": 0,
  "sway": 1,
  "speed": 2,
  "turnspeed": 60,
  "scale": 2.0,
  "slots": [
    {
      "animationGroup": [
        "idle6"
      ],
      "animationFile": "VA_sitting.nif",
      "position": {
        "x": 0,
        "y": 20,
        "z": 10
      }
    }
  ],
  "minSpeed": 0,
  "maxSpeed": 20,
  "changeSpeed": 3.0,
  "freedomtype": "flying",
  "accelerateAnimation": "idle",
  "forwardAnimation": "runForward",
  "nodeName": "Body Bone"
}