{
  "sound": [
    "Boat Creak"
  ],
  "loopSound": true,
  "mesh": "x\\Ex_Gondola_01_rot.nif",
  "offset": 40,
  "sway": 1,
  "speed": 2,
  "turnspeed": 30,
  "scale": 0.7,
  "slots": [
    {
      "animationGroup": [
        "idle6"
      ],
      "animationFile": "VA_sitting.nif",
      "position": {
        "x": 0,
        "y": -82,
        "z": -15
      }
    }
  ],
  "clutter": [
    {
      "id": "light_de_paper_lantern_01_nr",
      "position": {
        "x": 0,
        "y": -219,
        "z": 56
      }
    },
    {
      "id": "light_de_paper_lantern_04_nr",
      "position": {
        "x": 0,
        "y": 176,
        "z": 17
      }
    }
  ],
  "minSpeed": -2,
  "maxSpeed": 7,
  "changeSpeed": 1.5,
  "freedomtype": "boat",
  "materials": [
    {
      "material": "wood",
      "count": 6
    }
  ]
}