[
  {
    "x": 98714,
    "y": 224679,
    "z": 0
  },
  {
    "x": 94963,
    "y": 226648,
    "z": 0
  },
  {
    "x": 94282,
    "y": 232067,
    "z": 0
  },
  {
    "x": 98300,
    "y": 232488,
    "z": 0
  },
  {
    "x": 105644,
    "y": 231895,
    "z": 0
  },
  {
    "x": 111633,
    "y": 235790,
    "z": 0
  },
  {
    "x": 116230,
    "y": 237487,
    "z": 0
  },
  {
    "x": 124509,
    "y": 234222,
    "z": 0
  },
  {
    "x": 133647,
    "y": 225372,
    "z": 0
  },
  {
    "x": 139263,
    "y": 219980,
    "z": 0
  },
  {
    "x": 140722,
    "y": 214805,
    "z": 0
  },
  {
    "x": 139724,
    "y": 211283,
    "z": 0
  },
  {
    "x": 143861,
    "y": 205353,
    "z": 0
  },
  {
    "x": 148235,
    "y": 205186,
    "z": 0
  },
  {
    "x": 150846,
    "y": 204378,
    "z": 0
  }
]