[
    {
        "y": 40562,
        "x": 139905,
        "z": 0
    },
    {
        "y": 37708,
        "x": 139067,
        "z": 0
    },
    {
        "y": 35097,
        "x": 139844,
        "z": 0
    },
    {
        "y": 33326,
        "x": 142303,
        "z": 0
    },
    {
        "y": 32993,
        "x": 144153,
        "z": 0
    },
    {
        "y": 30044,
        "x": 145271,
        "z": 0
    },
    {
        "y": 25617,
        "x": 147135,
        "z": 0
    },
    {
        "y": 23716,
        "x": 148283,
        "z": 0
    },
    {
        "y": 21089,
        "x": 147704,
        "z": 0
    },
    {
        "y": 17643,
        "x": 149535,
        "z": 0
    },
    {
        "y": 16608,
        "x": 151331,
        "z": 0
    },
    {
        "y": 16314,
        "x": 152257,
        "z": 0
    },
    {
        "y": 14569,
        "x": 154208,
        "z": 0
    },
    {
        "y": 12292,
        "x": 154278,
        "z": 0
    },
    {
        "y": 11385,
        "x": 153884,
        "z": 0
    },
    {
        "y": 9623,
        "x": 153487,
        "z": 0
    },
    {
        "y": 7009,
        "x": 154766,
        "z": 0
    },
    {
        "y": 6513,
        "x": 155985,
        "z": 0
    },
    {
        "y": 4537,
        "x": 159626,
        "z": 0
    },
    {
        "y": 4629,
        "x": 162305,
        "z": 0
    },
    {
        "y": 4519,
        "x": 164550,
        "z": 0
    },
    {
        "y": 4704,
        "x": 167351,
        "z": 0
    },
    {
        "y": 2958,
        "x": 171876,
        "z": 0
    },
    {
        "y": 2518,
        "x": 172935,
        "z": 0
    },
    {
        "y": 4492,
        "x": 177230,
        "z": 0
    },
    {
        "y": 4122,
        "x": 181959,
        "z": 0
    },
    {
        "y": -803,
        "x": 197853,
        "z": 0
    },
    {
        "y": 810,
        "x": 203045,
        "z": 0
    },
    {
        "y": 8449,
        "x": 204893,
        "z": 0
    }
]