{
  "class": "Shipmaster",
  "override_npc": [
    "rindral dralor",
    "Daynas Darys"
  ],
  "mount": "a_longboat",
  "override_mount": {
    "a_longboat": [
      "Vos",
      "Firewatch"
    ],
    "a_DE_ship": [
      "Vos",
      "Dagon Fel",
      "Sadrith Mora",
      "Ebonheart",
      "Fort Frostmoth",
      "Nivalis",
      "Bal Oyra",
      "Necrom, Waterfront",
      "Gorne",
      "Firewatch",
      "Helnim",
      "Old Ebonheart, Docks",
      "Andothren, Docks",
      "Almas Thirr"
    ]
  },
  "ground_offset": 0
}