{
  "class": "Shipmaster",
  "override_npc": [
    "rindral dralor",
    "Daynas Darys"
  ],
  "mount": "a_longboat",
  "override_mount": [
    {
      "id": "a_longboat",
      "points": [
        "Vos",
        "Firewatch"
      ]
    },
    {
      "id": "a_longboat",
      "points": [
        "Sadrith Mora",
        "Helnim"
      ]
    },
    {
      "id": "a_DE_ship",
      "points": [
        "Vos",
        "Sadrith Mora",
        "Dagon Fel",
        "Ebonheart",
        "Fort Frostmoth",
        "Nivalis",
        "Bal Oyra",
        "Necrom, Waterfront",
        "Gorne",
        "Firewatch",
        "Helnim",
        "Old Ebonheart, Docks",
        "Andothren, Docks",
        "Almas Thirr"
      ]
    }
  ],
  "ground_offset": 0
}