[
  {
    "x": -57968,
    "y": 24803,
    "z": 0
  },
  {
    "x": -57852,
    "y": 22458,
    "z": 0
  },
  {
    "x": -60307,
    "y": 18828,
    "z": 0
  },
  {
    "x": -65461,
    "y": 19185,
    "z": 0
  },
  {
    "x": -67284,
    "y": 21715,
    "z": 0
  },
  {
    "x": -70312,
    "y": 25351,
    "z": 0
  },
  {
    "x": -71459,
    "y": 33120,
    "z": 0
  },
  {
    "x": -74831,
    "y": 36236,
    "z": 0
  },
  {
    "x": -78962,
    "y": 41750,
    "z": 0
  },
  {
    "x": -83081,
    "y": 45921,
    "z": 0
  },
  {
    "x": -84017,
    "y": 50585,
    "z": 0
  },
  {
    "x": -88326,
    "y": 56897,
    "z": 0
  },
  {
    "x": -94207,
    "y": 62811,
    "z": 0
  },
  {
    "x": -95956,
    "y": 64084,
    "z": 0
  },
  {
    "x": -97744,
    "y": 67142,
    "z": 0
  },
  {
    "x": -104596,
    "y": 76469,
    "z": 0
  },
  {
    "x": -104806,
    "y": 79873,
    "z": 0
  },
  {
    "x": -104447,
    "y": 83374,
    "z": 0
  },
  {
    "x": -103641,
    "y": 86594,
    "z": 0
  },
  {
    "x": -102307,
    "y": 87327,
    "z": 0
  },
  {
    "x": -100072,
    "y": 87090,
    "z": 0
  },
  {
    "x": -97146,
    "y": 86971,
    "z": 0
  },
  {
    "x": -95026,
    "y": 87604,
    "z": 0
  }
]