{
  "sound": [
    "nix hound scream"
  ],
  "loopSound": false,
  "mesh": "r\\NixHound.nif",
  "offset": 0,
  "sway": 1,
  "speed": 2,
  "turnspeed": 120,
  "scale": 1.2,
  "slots": [
    {
      "animationGroup": [
        "idle6"
      ],
      "animationFile": "VA_sitting.nif",
      "position": {
        "x": 0,
        "y": -10,
        "z": 0
      }
    }
  ],
  "minSpeed": 0,
  "maxSpeed": 10,
  "changeSpeed": 3.0,
  "freedomtype": "ground",
  "accelerateAnimation": "runForward",
  "forwardAnimation": "runForward",
  "nodeName": "Bip01 Spine2"
}