{
  "sound": [
    "Boat Creak"
  ],
  "loopSound": true,
  "mesh": "iv\\Ex_De_Rowboat.nif",
  "offset": 4,
  "sway": 1,
  "speed": 2,
  "turnspeed": 30,
  "scale": 1,
  "slots": [
    {
      "animationGroup": [
        "idle6"
      ],
      "animationFile": "VA_sitting.nif",
      "position": {
        "x": 0,
        "y": -45,
        "z": 10
      }
    }
  ],
  "clutter": [],
  "minSpeed": -2,
  "maxSpeed": 7,
  "changeSpeed": 1.5,
  "freedomtype": "boat",
  "name": "Rowboat",
  "price": 100,
  "materials": [
    {
      "material": "wood",
      "count": 14
    },
    {
      "material": "rope",
      "count": 2
    },
    {
      "material": "fabric",
      "count": 1
    }
  ]
}