{
  "sound": [
    "Boat Creak"
  ],
  "loopSound": true,
  "mesh": "iv\\sky_ex_fisherboat_02.nif",
  "offset": 40,
  "sway": 1,
  "speed": 2,
  "turnspeed": 30,
  "scale": 0.7,
  "slots": [
    {
      "animationGroup": [
        "idle6"
      ],
      "animationFile": "VA_sitting.nif",
      "position": {
        "x": -30,
        "y": -96,
        "z": 25
      }
    }
  ],
  "clutter": [],
  "minSpeed": -2,
  "maxSpeed": 7,
  "changeSpeed": 1.5,
  "freedomtype": "boat",
  "name": "Small Boat",
  "price": 100,
  "materials": [
    {
      "material": "wood",
      "count": 50
    },
    {
      "material": "rope",
      "count": 6
    },
    {
      "material": "fabric",
      "count": 40
    }
  ]
}