{
  "sound": [
    "Boat Creak"
  ],
  "loopSound": true,
  "mesh": "dim\\dim_telvcatboatS.nif",
  "offset": 20,
  "sway": 1,
  "speed": 2,
  "turnspeed": 30,
  "scale": 1,
  "slots": [
    {
      "position": {
        "x": -109,
        "y": -403,
        "z": 111
      }
    }
  ],
  "clutter": [],
  "minSpeed": -2,
  "maxSpeed": 7,
  "changeSpeed": 1.5,
  "freedomtype": "boat",
  "name": "Catboat",
  "price": 1000,
  "materials": [
    {
      "material": "wood",
      "count": 50
    },
    {
      "material": "rope",
      "count": 20
    },
    {
      "material": "fabric",
      "count": 30
    }
  ]
}