[
  {
    "x": -87657,
    "y": 88707,
    "z": 1126
  },
  {
    "x": -89475,
    "y": 87823,
    "z": 916
  },
  {
    "x": -91699,
    "y": 87388,
    "z": 920
  },
  {
    "x": -94606,
    "y": 88005,
    "z": 716
  },
  {
    "x": -96389,
    "y": 87774,
    "z": 798
  },
  {
    "x": -97785,
    "y": 86982,
    "z": 885
  },
  {
    "x": -100116,
    "y": 86984,
    "z": 786
  },
  {
    "x": -101677,
    "y": 87550,
    "z": 586
  },
  {
    "x": -103110,
    "y": 87022,
    "z": 420
  },
  {
    "x": -103451,
    "y": 85959,
    "z": 281
  },
  {
    "x": -102693,
    "y": 84957,
    "z": 236
  },
  {
    "x": -102179,
    "y": 83464,
    "z": 646
  },
  {
    "x": -101778,
    "y": 82198,
    "z": 791
  },
  {
    "x": -99847,
    "y": 80836,
    "z": 737
  },
  {
    "x": -99179,
    "y": 80250,
    "z": 515
  },
  {
    "x": -98332,
    "y": 78991,
    "z": 737
  },
  {
    "x": -96919,
    "y": 78210,
    "z": 904
  },
  {
    "x": -96052,
    "y": 78445,
    "z": 914
  },
  {
    "x": -94940,
    "y": 79202,
    "z": 844
  },
  {
    "x": -93576,
    "y": 79505,
    "z": 729
  },
  {
    "x": -92149,
    "y": 80115,
    "z": 752
  },
  {
    "x": -90706,
    "y": 79377,
    "z": 729
  },
  {
    "x": -89603,
    "y": 77681,
    "z": 729
  },
  {
    "x": -88690,
    "y": 76563,
    "z": 684
  },
  {
    "x": -87104,
    "y": 75963,
    "z": 717
  },
  {
    "x": -86109,
    "y": 75012,
    "z": 713
  },
  {
    "x": -85754,
    "y": 73519,
    "z": 532
  },
  {
    "x": -85181,
    "y": 72724,
    "z": 517
  },
  {
    "x": -83952,
    "y": 72161,
    "z": 678
  },
  {
    "x": -82475,
    "y": 71224,
    "z": 854
  },
  {
    "x": -80964,
    "y": 70366,
    "z": 930
  },
  {
    "x": -80101,
    "y": 69978,
    "z": 772
  },
  {
    "x": -78750,
    "y": 70653,
    "z": 1787
  },
  {
    "x": -77756,
    "y": 71533,
    "z": 1992
  },
  {
    "x": -76732,
    "y": 72233,
    "z": 2127
  },
  {
    "x": -75474,
    "y": 72068,
    "z": 2382
  },
  {
    "x": -74498,
    "y": 70750,
    "z": 2789
  },
  {
    "x": -73063,
    "y": 69983,
    "z": 2639
  },
  {
    "x": -71331,
    "y": 68639,
    "z": 2437
  },
  {
    "x": -68686,
    "y": 68285,
    "z": 2543
  },
  {
    "x": -66151,
    "y": 68032,
    "z": 2573
  },
  {
    "x": -64516,
    "y": 66747,
    "z": 2557
  },
  {
    "x": -63192,
    "y": 65611,
    "z": 2440
  },
  {
    "x": -61944,
    "y": 64873,
    "z": 2538
  },
  {
    "x": -61525,
    "y": 62889,
    "z": 2454
  },
  {
    "x": -60445,
    "y": 61240,
    "z": 2468
  },
  {
    "x": -58395,
    "y": 60264,
    "z": 2710
  },
  {
    "x": -56386,
    "y": 60045,
    "z": 2437
  },
  {
    "x": -54059,
    "y": 58725,
    "z": 2228
  },
  {
    "x": -51985,
    "y": 58461,
    "z": 2291
  },
  {
    "x": -49282,
    "y": 57800,
    "z": 2100
  },
  {
    "x": -48200,
    "y": 56391,
    "z": 2184
  },
  {
    "x": -46355,
    "y": 55538,
    "z": 2348
  },
  {
    "x": -44285,
    "y": 55181,
    "z": 2594
  },
  {
    "x": -42070,
    "y": 53722,
    "z": 2887
  },
  {
    "x": -40642,
    "y": 53496,
    "z": 3070
  },
  {
    "x": -39638,
    "y": 54338,
    "z": 3304
  },
  {
    "x": -39552,
    "y": 55536,
    "z": 3486
  },
  {
    "x": -39667,
    "y": 56735,
    "z": 3634
  },
  {
    "x": -38877,
    "y": 58180,
    "z": 3469
  },
  {
    "x": -36695,
    "y": 58970,
    "z": 3414
  },
  {
    "x": -34743,
    "y": 59340,
    "z": 3134
  },
  {
    "x": -33476,
    "y": 59774,
    "z": 3022
  },
  {
    "x": -31496,
    "y": 59080,
    "z": 3108
  },
  {
    "x": -29845,
    "y": 58226,
    "z": 2974
  },
  {
    "x": -28267,
    "y": 56882,
    "z": 2550
  },
  {
    "x": -25211,
    "y": 55149,
    "z": 1792
  },
  {
    "x": -23576,
    "y": 53644,
    "z": 1834
  },
  {
    "x": -22330,
    "y": 53381,
    "z": 1998
  },
  {
    "x": -21248,
    "y": 54407,
    "z": 2168
  },
  {
    "x": -19778,
    "y": 54722,
    "z": 2389
  },
  {
    "x": -18616,
    "y": 54516,
    "z": 2519
  }
]