{
  "a_siltstrider": {
    "sound": "Silt_2",
    "offset": -1220,
    "sway": 1,
    "speed": 3,
    "turnspeed": 30,
    "guideSlot": {
      "animationGroup": "idle5",
      "position": {
        "x": 0,
        "y": 70,
        "z": 1223
      }
    },
    "slots": [
      {
        "position": {
          "x": 0,
          "y": -34,
          "z": 1223
        }
      },
      {
        "position": {
          "x": -81,
          "y": 0,
          "z": 1230
        }
      },
      {
        "position": {
          "x": 81,
          "y": 0,
          "z": 1230
        }
      },
      {
        "position": {
          "x": 0,
          "y": -86,
          "z": 1227
        }
      }
    ]
  },
  "a_longboat": {
    "sound": "Boat Hull",
    "offset": 74,
    "sway": 4,
    "speed": 4,
    "turnspeed": 40,
    "guideSlot": {
      "position": {
        "x": 67,
        "y": -457,
        "z": -65
      }
    },
    "slots": [
      {
        "position": {
          "x": 0,
          "y": 324,
          "z": -63
        }
      },
      {
        "position": {
          "x": 0,
          "y": 90,
          "z": -63
        }
      },
      {
        "position": {
          "x": -111,
          "y": 0,
          "z": -63
        }
      },
      {
        "position": {
          "x": 111,
          "y": 0,
          "z": -63
        }
      },
      {
        "animationGroup": "idle6",
        "animationFile": "VA_sitting.nif",
        "position": {
          "x": 0,
          "y": 298,
          "z": -25
        }
      },
      {
        "animationGroup": "idle6",
        "animationFile": "VA_sitting.nif",
        "position": {
          "x": 0,
          "y": 130,
          "z": -27
        }
      },
      {
        "animationGroup": "idle6",
        "animationFile": "VA_sitting.nif",
        "position": {
          "x": 0,
          "y": 15,
          "z": -26
        }
      },
      {
        "animationGroup": "idle6",
        "animationFile": "VA_sitting.nif",
        "position": {
          "x": -130,
          "y": 126,
          "z": -26
        }
      },
      {
        "animationGroup": "idle6",
        "animationFile": "VA_sitting.nif",
        "position": {
          "x": 127,
          "y": 43,
          "z": -28
        }
      }
    ],
    "clutter": [
      {
        "id": "light_com_lantern_01",
        "position": {
          "x": 0,
          "y": 623,
          "z": 28
        }
      },
      {
        "id": "light_com_lantern_02",
        "position": {
          "x": 0,
          "y": -585,
          "z": 18
        }
      }
    ]
  },
  "a_DE_ship": {
    "sound": "Boat Hull",
    "offset": -20,
    "sway": 3,
    "speed": 3,
    "turnspeed": 20,
    "guideSlot": {
      "position": {
        "x": -25,
        "y": -823,
        "z": 360
      }
    },
    "slots": [
      {
        "position": {
          "x": 0,
          "y": 438,
          "z": 257
        }
      },
      {
        "position": {
          "x": 0,
          "y": 29,
          "z": 209
        }
      },
      {
        "position": {
          "x": -181,
          "y": 139,
          "z": 209
        }
      },
      {
        "position": {
          "x": 181,
          "y": -139,
          "z": 209
        }
      },
      {
        "position": {
          "x": 115,
          "y": -466,
          "z": 208
        }
      }
    ]
  },
  "a_gondola_01": {
    "sound": "Boat Creak",
    "offset": 40,
    "sway": 1,
    "speed": 2,
    "turnspeed": 40,
    "guideSlot": {
      "animationGroup": "idle6",
      "position": {
        "x": 0,
        "y": -171,
        "z": -18
      }
    },
    "slots": [
      {
        "animationGroup": "idle6",
        "animationFile": "VA_sitting.nif",
        "position": {
          "x": 0,
          "y": 82,
          "z": -15
        }
      },
      {
        "animationGroup": "idle6",
        "animationFile": "VA_sitting.nif",
        "position": {
          "x": 0,
          "y": -82,
          "z": -15
        }
      },
      {
        "position": {
          "x": 0,
          "y": 106,
          "z": -36
        }
      },
      {
        "position": {
          "x": 0,
          "y": 7,
          "z": -40
        }
      },
      {
        "position": {
          "x": 0,
          "y": -63,
          "z": -37
        }
      }
    ],
    "clutter": [
      {
        "id": "light_de_paper_lantern_01",
        "position": {
          "x": 0,
          "y": -219,
          "z": 56
        }
      },
      {
        "id": "light_de_paper_lantern_04",
        "position": {
          "x": 0,
          "y": 176,
          "z": 17
        }
      }
    ]
  }
}