[
  {
    "y": 81001,
    "x": 275758,
    "z": 0
  },
  {
    "y": 80491,
    "x": 278118,
    "z": 0
  },
  {
    "y": 65225,
    "x": 292377,
    "z": 0
  },
  {
    "y": 58902,
    "x": 297438,
    "z": 0
  },
  {
    "y": 52052,
    "x": 298863,
    "z": 0
  },
  {
    "y": 47510,
    "x": 300056,
    "z": 0
  },
  {
    "y": 46059,
    "x": 299689,
    "z": 0
  },
  {
    "y": 43851,
    "x": 298174,
    "z": 0
  },
  {
    "y": 38323,
    "x": 299435,
    "z": 0
  },
  {
    "y": 35342,
    "x": 301635,
    "z": 0
  },
  {
    "y": 33687,
    "x": 302441,
    "z": 0
  },
  {
    "y": 22459,
    "x": 303143,
    "z": 0
  },
  {
    "y": 20988,
    "x": 303388,
    "z": 0
  },
  {
    "y": 19030,
    "x": 306831,
    "z": 0
  },
  {
    "y": 15339,
    "x": 313563,
    "z": 0
  },
  {
    "y": 12127,
    "x": 313986,
    "z": 0
  },
  {
    "y": 8404,
    "x": 313939,
    "z": 0
  },
  {
    "y": 3467,
    "x": 314342,
    "z": 0
  },
  {
    "y": 512,
    "x": 315637,
    "z": 0
  },
  {
    "y": -950,
    "x": 316172,
    "z": 0
  },
  {
    "y": -2645,
    "x": 315447,
    "z": 0
  },
  {
    "y": -4014,
    "x": 314661,
    "z": 0
  },
  {
    "y": -6451,
    "x": 316008,
    "z": 0
  },
  {
    "y": -8236,
    "x": 317006,
    "z": 0
  },
  {
    "y": -11325,
    "x": 315854,
    "z": 0
  },
  {
    "y": -14437,
    "x": 316658,
    "z": 0
  },
  {
    "y": -19198,
    "x": 322320,
    "z": 0
  },
  {
    "y": -23484,
    "x": 325865,
    "z": 0
  },
  {
    "y": -25618,
    "x": 327670,
    "z": 0
  },
  {
    "y": -26420,
    "x": 330683,
    "z": 0
  },
  {
    "y": -28603,
    "x": 333895,
    "z": 0
  },
  {
    "y": -32422,
    "x": 334003,
    "z": 0
  },
  {
    "y": -35128,
    "x": 332003,
    "z": 0
  },
  {
    "y": -35705,
    "x": 329745,
    "z": 0
  },
  {
    "y": -34146,
    "x": 327533,
    "z": 0
  },
  {
    "y": -33097,
    "x": 325809,
    "z": 0
  },
  {
    "y": -31371,
    "x": 324171,
    "z": 0
  },
  {
    "y": -31207,
    "x": 322658,
    "z": 0
  },
  {
    "y": -30187,
    "x": 321210,
    "z": 0
  },
  {
    "y": -29430,
    "x": 318863,
    "z": 0
  },
  {
    "y": -27500,
    "x": 313843,
    "z": 0
  },
  {
    "y": -27321,
    "x": 311633,
    "z": 0
  },
  {
    "y": -23820,
    "x": 307171,
    "z": 0
  },
  {
    "y": -21315,
    "x": 304898,
    "z": 0
  },
  {
    "y": -19768,
    "x": 301810,
    "z": 0
  },
  {
    "y": -21220,
    "x": 298349,
    "z": 0
  },
  {
    "y": -22896,
    "x": 296949,
    "z": 0
  },
  {
    "y": -24780,
    "x": 297181,
    "z": 0
  },
  {
    "y": -26136,
    "x": 299724,
    "z": 0
  },
  {
    "y": -27112,
    "x": 302173,
    "z": 0
  }
]