[
  {
    "x": 205972,
    "y": 153919,
    "z": 0
  },
  {
    "x": 207586,
    "y": 156355,
    "z": 0
  },
  {
    "x": 207991,
    "y": 159367,
    "z": 0
  },
  {
    "x": 207611,
    "y": 162124,
    "z": 0
  },
  {
    "x": 205778,
    "y": 166034,
    "z": 0
  },
  {
    "x": 205405,
    "y": 169654,
    "z": 0
  },
  {
    "x": 206711,
    "y": 178191,
    "z": 0
  },
  {
    "x": 211955,
    "y": 179979,
    "z": 0
  },
  {
    "x": 217079,
    "y": 180428,
    "z": 0
  },
  {
    "x": 220413,
    "y": 177204,
    "z": 0
  },
  {
    "x": 223799,
    "y": 173336,
    "z": 0
  },
  {
    "x": 229829,
    "y": 167408,
    "z": 0
  },
  {
    "x": 231473,
    "y": 164445,
    "z": 0
  },
  {
    "x": 236490,
    "y": 161006,
    "z": 0
  },
  {
    "x": 238334,
    "y": 155919,
    "z": 0
  },
  {
    "x": 239914,
    "y": 151587,
    "z": 0
  },
  {
    "x": 242560,
    "y": 147821,
    "z": 0
  },
  {
    "x": 246658,
    "y": 141614,
    "z": 0
  },
  {
    "x": 250484,
    "y": 136761,
    "z": 0
  },
  {
    "x": 250696,
    "y": 133349,
    "z": 0
  },
  {
    "x": 250972,
    "y": 129397,
    "z": 0
  },
  {
    "x": 255219,
    "y": 126476,
    "z": 0
  },
  {
    "x": 261528,
    "y": 123706,
    "z": 0
  },
  {
    "x": 269542,
    "y": 128378,
    "z": 0
  },
  {
    "x": 271788,
    "y": 130334,
    "z": 0
  },
  {
    "x": 275309,
    "y": 131707,
    "z": 0
  },
  {
    "x": 280553,
    "y": 131201,
    "z": 0
  },
  {
    "x": 283146,
    "y": 129692,
    "z": 0
  },
  {
    "x": 284426,
    "y": 128439,
    "z": 0
  },
  {
    "x": 288286,
    "y": 120378,
    "z": 0
  },
  {
    "x": 289560,
    "y": 114236,
    "z": 0
  },
  {
    "x": 291412,
    "y": 109684,
    "z": 0
  },
  {
    "x": 293185,
    "y": 108609,
    "z": 0
  },
  {
    "x": 295968,
    "y": 104865,
    "z": 0
  },
  {
    "x": 296035,
    "y": 100400,
    "z": 0
  },
  {
    "x": 294801,
    "y": 93970,
    "z": 0
  },
  {
    "x": 301243,
    "y": 83339,
    "z": 0
  },
  {
    "x": 304669,
    "y": 75520,
    "z": 0
  },
  {
    "x": 305189,
    "y": 70702,
    "z": 0
  },
  {
    "x": 307177,
    "y": 68731,
    "z": 0
  },
  {
    "x": 309065,
    "y": 66762,
    "z": 0
  },
  {
    "x": 307711,
    "y": 64057,
    "z": 0
  },
  {
    "x": 308286,
    "y": 60741,
    "z": 0
  },
  {
    "x": 306403,
    "y": 58448,
    "z": 0
  },
  {
    "x": 300788,
    "y": 61241,
    "z": 0
  },
  {
    "x": 283037,
    "y": 75261,
    "z": 0
  },
  {
    "x": 277294,
    "y": 81112,
    "z": 0
  }
]