[
  {
    "x": 23112,
    "y": -88105,
    "z": 0
  },
  {
    "x": 23891,
    "y": -88309,
    "z": 0
  },
  {
    "x": 24606,
    "y": -88463,
    "z": 0
  },
  {
    "x": 25064,
    "y": -88195,
    "z": 0
  },
  {
    "x": 25314,
    "y": -87847,
    "z": 0
  },
  {
    "x": 25579,
    "y": -86606,
    "z": 0
  },
  {
    "x": 25223,
    "y": -85068,
    "z": 0
  },
  {
    "x": 25392,
    "y": -84182,
    "z": 0
  },
  {
    "x": 25894,
    "y": -83621,
    "z": 0
  },
  {
    "x": 27040,
    "y": -83222,
    "z": 0
  },
  {
    "x": 31072,
    "y": -83362,
    "z": 0
  },
  {
    "x": 32941,
    "y": -83401,
    "z": 0
  },
  {
    "x": 33935,
    "y": -83135,
    "z": 0
  },
  {
    "x": 34372,
    "y": -82073,
    "z": 0
  },
  {
    "x": 33784,
    "y": -77703,
    "z": 0
  },
  {
    "x": 33655,
    "y": -76916,
    "z": 0
  },
  {
    "x": 33288,
    "y": -76555,
    "z": 0
  },
  {
    "x": 32160,
    "y": -76438,
    "z": 0
  },
  {
    "x": 31225,
    "y": -76676,
    "z": 0
  },
  {
    "x": 29493,
    "y": -76509,
    "z": 0
  }
]