[
  {
    "x": 23078,
    "y": -88210,
    "z": 0
  },
  {
    "x": 23575,
    "y": -88385,
    "z": 0
  },
  {
    "x": 24046,
    "y": -88711,
    "z": 0
  },
  {
    "x": 24286,
    "y": -89117,
    "z": 0
  },
  {
    "x": 24560,
    "y": -91970,
    "z": 0
  },
  {
    "x": 24846,
    "y": -95094,
    "z": 0
  },
  {
    "x": 25324,
    "y": -96324,
    "z": 0
  },
  {
    "x": 26163,
    "y": -96921,
    "z": 0
  },
  {
    "x": 28511,
    "y": -97236,
    "z": 0
  },
  {
    "x": 29843,
    "y": -97850,
    "z": 0
  }
]