[
  {
    "x": -174204,
    "y": 135146,
    "z": 0
  },
  {
    "x": -172946,
    "y": 135264,
    "z": 0
  },
  {
    "x": -149203,
    "y": 137644,
    "z": 0
  },
  {
    "x": -88302,
    "y": 159485,
    "z": 0
  },
  {
    "x": -80419,
    "y": 160304,
    "z": 0
  },
  {
    "x": -66499,
    "y": 161315,
    "z": 0
  },
  {
    "x": -57204,
    "y": 168410,
    "z": 0
  },
  {
    "x": -49937,
    "y": 181688,
    "z": 0
  },
  {
    "x": -42493,
    "y": 195137,
    "z": 0
  },
  {
    "x": -37985,
    "y": 214405,
    "z": 0
  },
  {
    "x": -34843,
    "y": 217659,
    "z": 0
  },
  {
    "x": -31810,
    "y": 218931,
    "z": 0
  },
  {
    "x": -13384,
    "y": 216355,
    "z": 0
  },
  {
    "x": -706,
    "y": 217583,
    "z": 0
  },
  {
    "x": 15553,
    "y": 215767,
    "z": 0
  },
  {
    "x": 20493,
    "y": 216503,
    "z": 0
  },
  {
    "x": 25696,
    "y": 215528,
    "z": 0
  },
  {
    "x": 29914,
    "y": 215265,
    "z": 0
  },
  {
    "x": 34535,
    "y": 210165,
    "z": 0
  },
  {
    "x": 39809,
    "y": 204726,
    "z": 0
  },
  {
    "x": 45263,
    "y": 197971,
    "z": 0
  },
  {
    "x": 47414,
    "y": 196276,
    "z": 0
  },
  {
    "x": 50316,
    "y": 196855,
    "z": 0
  },
  {
    "x": 55105,
    "y": 196619,
    "z": 0
  },
  {
    "x": 56057,
    "y": 193819,
    "z": 0
  },
  {
    "x": 56507,
    "y": 191659,
    "z": 0
  },
  {
    "x": 59034,
    "y": 188422,
    "z": 0
  },
  {
    "x": 61068,
    "y": 187510,
    "z": 0
  },
  {
    "x": 62017,
    "y": 186327,
    "z": 0
  }
]