[
    {
        "y": 41327,
        "x": 141256,
        "z": 0
    },
    {
        "y": 42710,
        "x": 141478,
        "z": 0
    },
    {
        "y": 44921,
        "x": 141597,
        "z": 0
    },
    {
        "y": 47101,
        "x": 140838,
        "z": 0
    },
    {
        "y": 48315,
        "x": 139166,
        "z": 0
    },
    {
        "y": 51584,
        "x": 137048,
        "z": 0
    },
    {
        "y": 53263,
        "x": 136031,
        "z": 0
    },
    {
        "y": 54917,
        "x": 135560,
        "z": 0
    },
    {
        "y": 58282,
        "x": 137241,
        "z": 0
    },
    {
        "y": 59657,
        "x": 138181,
        "z": 0
    },
    {
        "y": 62310,
        "x": 138498,
        "z": 0
    },
    {
        "y": 64521,
        "x": 137947,
        "z": 0
    },
    {
        "y": 66479,
        "x": 136160,
        "z": 0
    },
    {
        "y": 69153,
        "x": 132635,
        "z": 0
    },
    {
        "y": 72057,
        "x": 131594,
        "z": 0
    },
    {
        "y": 75394,
        "x": 132070,
        "z": 0
    },
    {
        "y": 77695,
        "x": 131520,
        "z": 0
    },
    {
        "y": 78745,
        "x": 130537,
        "z": 0
    },
    {
        "y": 79821,
        "x": 129854,
        "z": 0
    },
    {
        "y": 85687,
        "x": 136029,
        "z": 0
    },
    {
        "y": 87218,
        "x": 139016,
        "z": 0
    },
    {
        "y": 87705,
        "x": 141569,
        "z": 0
    },
    {
        "y": 92911,
        "x": 145826,
        "z": 0
    },
    {
        "y": 95844,
        "x": 146502,
        "z": 0
    },
    {
        "y": 101204,
        "x": 144974,
        "z": 0
    },
    {
        "y": 108768,
        "x": 140792,
        "z": 0
    },
    {
        "y": 119290,
        "x": 135137,
        "z": 0
    },
    {
        "y": 128134,
        "x": 128643,
        "z": 0
    },
    {
        "y": 134897,
        "x": 126907,
        "z": 0
    },
    {
        "y": 137244,
        "x": 122781,
        "z": 0
    },
    {
        "y": 136995,
        "x": 120502,
        "z": 0
    },
    {
        "y": 137170,
        "x": 119193,
        "z": 0
    },
    {
        "y": 136977,
        "x": 115816,
        "z": 0
    },
    {
        "y": 135723,
        "x": 113590,
        "z": 0
    },
    {
        "y": 135103,
        "x": 111723,
        "z": 0
    },
    {
        "y": 135665,
        "x": 109415,
        "z": 0
    },
    {
        "y": 135313,
        "x": 105654,
        "z": 0
    },
    {
        "y": 134951,
        "x": 103388,
        "z": 0
    },
    {
        "y": 134101,
        "x": 101832,
        "z": 0
    },
    {
        "y": 130958,
        "x": 100209,
        "z": 0
    },
    {
        "y": 128456,
        "x": 99994,
        "z": 0
    },
    {
        "y": 125014,
        "x": 98958,
        "z": 0
    },
    {
        "y": 120940,
        "x": 98932,
        "z": 0
    },
    {
        "y": 116369,
        "x": 100726,
        "z": 0
    }
]