[
    {
        "y": 41327,
        "x": 141256,
        "z": 0
    },
    {
        "y": 42710,
        "x": 141478,
        "z": 0
    },
    {
        "y": 44921,
        "x": 141597,
        "z": 0
    },
    {
        "y": 47101,
        "x": 140838,
        "z": 0
    },
    {
        "y": 48315,
        "x": 139166,
        "z": 0
    },
    {
        "y": 51584,
        "x": 137048,
        "z": 0
    },
    {
        "y": 53263,
        "x": 136031,
        "z": 0
    },
    {
        "y": 54917,
        "x": 135560,
        "z": 0
    },
    {
        "y": 58282,
        "x": 137241,
        "z": 0
    },
    {
        "y": 59657,
        "x": 138181,
        "z": 0
    },
    {
        "y": 62310,
        "x": 138498,
        "z": 0
    },
    {
        "y": 64521,
        "x": 137947,
        "z": 0
    },
    {
        "y": 66479,
        "x": 136160,
        "z": 0
    },
    {
        "y": 69153,
        "x": 132635,
        "z": 0
    },
    {
        "y": 72057,
        "x": 131594,
        "z": 0
    },
    {
        "y": 75394,
        "x": 132070,
        "z": 0
    },
    {
        "y": 77695,
        "x": 131520,
        "z": 0
    },
    {
        "y": 78745,
        "x": 130537,
        "z": 0
    },
    {
        "y": 79821,
        "x": 129854,
        "z": 0
    },
    {
        "y": 85687,
        "x": 136029,
        "z": 0
    },
    {
        "y": 87218,
        "x": 139016,
        "z": 0
    },
    {
        "y": 87705,
        "x": 141569,
        "z": 0
    },
    {
        "y": 92911,
        "x": 145826,
        "z": 0
    },
    {
        "y": 94107,
        "x": 150466,
        "z": 0
    },
    {
        "y": 84635,
        "x": 159053,
        "z": 0
    },
    {
        "y": 70542,
        "x": 170807,
        "z": 0
    },
    {
        "y": 55169,
        "x": 180833,
        "z": 0
    },
    {
        "y": 44929,
        "x": 187980,
        "z": 0
    },
    {
        "y": 29463,
        "x": 186449,
        "z": 0
    },
    {
        "y": 19250,
        "x": 185638,
        "z": 0
    },
    {
        "y": 9111,
        "x": 183894,
        "z": 0
    },
    {
        "y": 5101,
        "x": 178587,
        "z": 0
    },
    {
        "y": 1613,
        "x": 173525,
        "z": 0
    },
    {
        "y": -1006,
        "x": 171331,
        "z": 0
    },
    {
        "y": -2260,
        "x": 169285,
        "z": 0
    },
    {
        "y": -5949,
        "x": 166357,
        "z": 0
    },
    {
        "y": -8007,
        "x": 164815,
        "z": 0
    },
    {
        "y": -11096,
        "x": 164255,
        "z": 0
    },
    {
        "y": -18359,
        "x": 167858,
        "z": 0
    },
    {
        "y": -21756,
        "x": 171952,
        "z": 0
    },
    {
        "y": -27938,
        "x": 176603,
        "z": 0
    },
    {
        "y": -32398,
        "x": 177678,
        "z": 0
    },
    {
        "y": -39047,
        "x": 177303,
        "z": 0
    },
    {
        "y": -54639,
        "x": 180102,
        "z": 0
    },
    {
        "y": -61802,
        "x": 181601,
        "z": 0
    },
    {
        "y": -65185,
        "x": 181603,
        "z": 0
    },
    {
        "y": -71441,
        "x": 173697,
        "z": 0
    },
    {
        "y": -76165,
        "x": 165149,
        "z": 0
    },
    {
        "y": -75963,
        "x": 160054,
        "z": 0
    },
    {
        "y": -77284,
        "x": 156372,
        "z": 0
    },
    {
        "y": -92882,
        "x": 148310,
        "z": 0
    },
    {
        "y": -108590,
        "x": 138748,
        "z": 0
    },
    {
        "y": -118445,
        "x": 128474,
        "z": 0
    },
    {
        "y": -121593,
        "x": 122526,
        "z": 0
    },
    {
        "y": -111767,
        "x": 87195,
        "z": 0
    },
    {
        "y": -119336,
        "x": 66495,
        "z": 0
    },
    {
        "y": -118843,
        "x": 45440,
        "z": 0
    },
    {
        "y": -116883,
        "x": 33465,
        "z": 0
    },
    {
        "y": -105486,
        "x": 26365,
        "z": 0
    },
    {
        "y": -103755,
        "x": 22749,
        "z": 0
    }
]