[
    {
        "y": 40154,
        "x": 124089,
        "z": 0
    },
    {
        "y": 40344,
        "x": 125807,
        "z": 0
    },
    {
        "y": 41175,
        "x": 129045,
        "z": 0
    },
    {
        "y": 41013,
        "x": 131861,
        "z": 0
    },
    {
        "y": 40546,
        "x": 134531,
        "z": 0
    },
    {
        "y": 42770,
        "x": 139399,
        "z": 0
    },
    {
        "y": 39958,
        "x": 142523,
        "z": 0
    }
]