[
  {
    "x": 122449,
    "y": 40186,
    "z": 0
  },
  {
    "x": 123485,
    "y": 39516,
    "z": 0
  },
  {
    "x": 125807,
    "y": 40344,
    "z": 0
  },
  {
    "x": 129045,
    "y": 41175,
    "z": 0
  },
  {
    "x": 131861,
    "y": 41013,
    "z": 0
  },
  {
    "x": 134900,
    "y": 40390,
    "z": 0
  },
  {
    "x": 138167,
    "y": 42020,
    "z": 0
  },
  {
    "x": 139590,
    "y": 43294,
    "z": 0
  },
  {
    "x": 140693,
    "y": 43349,
    "z": 0
  },
  {
    "x": 141346,
    "y": 42615,
    "z": 0
  },
  {
    "x": 142523,
    "y": 39958,
    "z": 0
  }
]